Province Name,Province,Day,Confirmed,Cumulative confirmed,Cumulative deaths
ADRAR,1,2020-02-25,0,0,0
CHLEF,2,2020-02-25,0,0,0
LAGHOUAT,3,2020-02-25,0,0,0
OUM EL BOUAGHI,4,2020-02-25,0,0,0
BATNA,5,2020-02-25,0,0,0
BEJAIA,6,2020-02-25,0,0,0
BISKRA,7,2020-02-25,0,0,0
BECHAR,8,2020-02-25,0,0,0
BLIDA,9,2020-02-25,0,0,0
BOUIRA,10,2020-02-25,0,0,0
TAMENGHASSET,11,2020-02-25,0,0,0
TEBESSA,12,2020-02-25,0,0,0
TLEMCEN,13,2020-02-25,0,0,0
TIARET,14,2020-02-25,0,0,0
TIZI OUZOU,15,2020-02-25,0,0,0
ALGER,16,2020-02-25,0,0,0
DJELFA,17,2020-02-25,0,0,0
JIJEL,18,2020-02-25,0,0,0
SETIF,19,2020-02-25,0,0,0
SAIDA,20,2020-02-25,0,0,0
SKIKDA,21,2020-02-25,0,0,0
SIDI BEL ABBES,22,2020-02-25,0,0,0
ANNABA,23,2020-02-25,0,0,0
GUELMA,24,2020-02-25,0,0,0
CONSTANTINE,25,2020-02-25,0,0,0
MEDEA,26,2020-02-25,0,0,0
MOSTAGANEM,27,2020-02-25,0,0,0
M'SILA,28,2020-02-25,0,0,0
MASCARA,29,2020-02-25,0,0,0
OUARGLA,30,2020-02-25,1,1,0
ORAN,31,2020-02-25,0,0,0
EL BAYADH,32,2020-02-25,0,0,0
ILLIZI,33,2020-02-25,0,0,0
BORDJ BOU ARRERIDJ,34,2020-02-25,0,0,0
BOUMERDES,35,2020-02-25,0,0,0
EL-TARF,36,2020-02-25,0,0,0
TINDOUF,37,2020-02-25,0,0,0
TISSEMSILT,38,2020-02-25,0,0,0
EL OUED,39,2020-02-25,0,0,0
KHENCHELA,40,2020-02-25,0,0,0
SOUK-AHRAS,41,2020-02-25,0,0,0
TIPAZA,42,2020-02-25,0,0,0
MILA,43,2020-02-25,0,0,0
AIN DEFLA,44,2020-02-25,0,0,0
NAAMA,45,2020-02-25,0,0,0
AIN-TEMOUCHENT,46,2020-02-25,0,0,0
GHARDAIA,47,2020-02-25,0,0,0
RELIZANE,48,2020-02-25,0,0,0
ADRAR,1,2020-02-26,0,0,0
CHLEF,2,2020-02-26,0,0,0
LAGHOUAT,3,2020-02-26,0,0,0
OUM EL BOUAGHI,4,2020-02-26,0,0,0
BATNA,5,2020-02-26,0,0,0
BEJAIA,6,2020-02-26,0,0,0
BISKRA,7,2020-02-26,0,0,0
BECHAR,8,2020-02-26,0,0,0
BLIDA,9,2020-02-26,0,0,0
BOUIRA,10,2020-02-26,0,0,0
TAMENGHASSET,11,2020-02-26,0,0,0
TEBESSA,12,2020-02-26,0,0,0
TLEMCEN,13,2020-02-26,0,0,0
TIARET,14,2020-02-26,0,0,0
TIZI OUZOU,15,2020-02-26,0,0,0
ALGER,16,2020-02-26,0,0,0
DJELFA,17,2020-02-26,0,0,0
JIJEL,18,2020-02-26,0,0,0
SETIF,19,2020-02-26,0,0,0
SAIDA,20,2020-02-26,0,0,0
SKIKDA,21,2020-02-26,0,0,0
SIDI BEL ABBES,22,2020-02-26,0,0,0
ANNABA,23,2020-02-26,0,0,0
GUELMA,24,2020-02-26,0,0,0
CONSTANTINE,25,2020-02-26,0,0,0
MEDEA,26,2020-02-26,0,0,0
MOSTAGANEM,27,2020-02-26,0,0,0
M'SILA,28,2020-02-26,0,0,0
MASCARA,29,2020-02-26,0,0,0
OUARGLA,30,2020-02-26,0,1,0
ORAN,31,2020-02-26,0,0,0
EL BAYADH,32,2020-02-26,0,0,0
ILLIZI,33,2020-02-26,0,0,0
BORDJ BOU ARRERIDJ,34,2020-02-26,0,0,0
BOUMERDES,35,2020-02-26,0,0,0
EL-TARF,36,2020-02-26,0,0,0
TINDOUF,37,2020-02-26,0,0,0
TISSEMSILT,38,2020-02-26,0,0,0
EL OUED,39,2020-02-26,0,0,0
KHENCHELA,40,2020-02-26,0,0,0
SOUK-AHRAS,41,2020-02-26,0,0,0
TIPAZA,42,2020-02-26,0,0,0
MILA,43,2020-02-26,0,0,0
AIN DEFLA,44,2020-02-26,0,0,0
NAAMA,45,2020-02-26,0,0,0
AIN-TEMOUCHENT,46,2020-02-26,0,0,0
GHARDAIA,47,2020-02-26,0,0,0
RELIZANE,48,2020-02-26,0,0,0
ADRAR,1,2020-02-27,0,0,0
CHLEF,2,2020-02-27,0,0,0
LAGHOUAT,3,2020-02-27,0,0,0
OUM EL BOUAGHI,4,2020-02-27,0,0,0
BATNA,5,2020-02-27,0,0,0
BEJAIA,6,2020-02-27,0,0,0
BISKRA,7,2020-02-27,0,0,0
BECHAR,8,2020-02-27,0,0,0
BLIDA,9,2020-02-27,0,0,0
BOUIRA,10,2020-02-27,0,0,0
TAMENGHASSET,11,2020-02-27,0,0,0
TEBESSA,12,2020-02-27,0,0,0
TLEMCEN,13,2020-02-27,0,0,0
TIARET,14,2020-02-27,0,0,0
TIZI OUZOU,15,2020-02-27,0,0,0
ALGER,16,2020-02-27,0,0,0
DJELFA,17,2020-02-27,0,0,0
JIJEL,18,2020-02-27,0,0,0
SETIF,19,2020-02-27,0,0,0
SAIDA,20,2020-02-27,0,0,0
SKIKDA,21,2020-02-27,0,0,0
SIDI BEL ABBES,22,2020-02-27,0,0,0
ANNABA,23,2020-02-27,0,0,0
GUELMA,24,2020-02-27,0,0,0
CONSTANTINE,25,2020-02-27,0,0,0
MEDEA,26,2020-02-27,0,0,0
MOSTAGANEM,27,2020-02-27,0,0,0
M'SILA,28,2020-02-27,0,0,0
MASCARA,29,2020-02-27,0,0,0
OUARGLA,30,2020-02-27,0,1,0
ORAN,31,2020-02-27,0,0,0
EL BAYADH,32,2020-02-27,0,0,0
ILLIZI,33,2020-02-27,0,0,0
BORDJ BOU ARRERIDJ,34,2020-02-27,0,0,0
BOUMERDES,35,2020-02-27,0,0,0
EL-TARF,36,2020-02-27,0,0,0
TINDOUF,37,2020-02-27,0,0,0
TISSEMSILT,38,2020-02-27,0,0,0
EL OUED,39,2020-02-27,0,0,0
KHENCHELA,40,2020-02-27,0,0,0
SOUK-AHRAS,41,2020-02-27,0,0,0
TIPAZA,42,2020-02-27,0,0,0
MILA,43,2020-02-27,0,0,0
AIN DEFLA,44,2020-02-27,0,0,0
NAAMA,45,2020-02-27,0,0,0
AIN-TEMOUCHENT,46,2020-02-27,0,0,0
GHARDAIA,47,2020-02-27,0,0,0
RELIZANE,48,2020-02-27,0,0,0
ADRAR,1,2020-02-28,0,0,0
CHLEF,2,2020-02-28,0,0,0
LAGHOUAT,3,2020-02-28,0,0,0
OUM EL BOUAGHI,4,2020-02-28,0,0,0
BATNA,5,2020-02-28,0,0,0
BEJAIA,6,2020-02-28,0,0,0
BISKRA,7,2020-02-28,0,0,0
BECHAR,8,2020-02-28,0,0,0
BLIDA,9,2020-02-28,0,0,0
BOUIRA,10,2020-02-28,0,0,0
TAMENGHASSET,11,2020-02-28,0,0,0
TEBESSA,12,2020-02-28,0,0,0
TLEMCEN,13,2020-02-28,0,0,0
TIARET,14,2020-02-28,0,0,0
TIZI OUZOU,15,2020-02-28,0,0,0
ALGER,16,2020-02-28,0,0,0
DJELFA,17,2020-02-28,0,0,0
JIJEL,18,2020-02-28,0,0,0
SETIF,19,2020-02-28,0,0,0
SAIDA,20,2020-02-28,0,0,0
SKIKDA,21,2020-02-28,0,0,0
SIDI BEL ABBES,22,2020-02-28,0,0,0
ANNABA,23,2020-02-28,0,0,0
GUELMA,24,2020-02-28,0,0,0
CONSTANTINE,25,2020-02-28,0,0,0
MEDEA,26,2020-02-28,0,0,0
MOSTAGANEM,27,2020-02-28,0,0,0
M'SILA,28,2020-02-28,0,0,0
MASCARA,29,2020-02-28,0,0,0
OUARGLA,30,2020-02-28,0,1,0
ORAN,31,2020-02-28,0,0,0
EL BAYADH,32,2020-02-28,0,0,0
ILLIZI,33,2020-02-28,0,0,0
BORDJ BOU ARRERIDJ,34,2020-02-28,0,0,0
BOUMERDES,35,2020-02-28,0,0,0
EL-TARF,36,2020-02-28,0,0,0
TINDOUF,37,2020-02-28,0,0,0
TISSEMSILT,38,2020-02-28,0,0,0
EL OUED,39,2020-02-28,0,0,0
KHENCHELA,40,2020-02-28,0,0,0
SOUK-AHRAS,41,2020-02-28,0,0,0
TIPAZA,42,2020-02-28,0,0,0
MILA,43,2020-02-28,0,0,0
AIN DEFLA,44,2020-02-28,0,0,0
NAAMA,45,2020-02-28,0,0,0
AIN-TEMOUCHENT,46,2020-02-28,0,0,0
GHARDAIA,47,2020-02-28,0,0,0
RELIZANE,48,2020-02-28,0,0,0
ADRAR,1,2020-02-29,0,0,0
CHLEF,2,2020-02-29,0,0,0
LAGHOUAT,3,2020-02-29,0,0,0
OUM EL BOUAGHI,4,2020-02-29,0,0,0
BATNA,5,2020-02-29,0,0,0
BEJAIA,6,2020-02-29,0,0,0
BISKRA,7,2020-02-29,0,0,0
BECHAR,8,2020-02-29,0,0,0
BLIDA,9,2020-02-29,0,0,0
BOUIRA,10,2020-02-29,0,0,0
TAMENGHASSET,11,2020-02-29,0,0,0
TEBESSA,12,2020-02-29,0,0,0
TLEMCEN,13,2020-02-29,0,0,0
TIARET,14,2020-02-29,0,0,0
TIZI OUZOU,15,2020-02-29,0,0,0
ALGER,16,2020-02-29,0,0,0
DJELFA,17,2020-02-29,0,0,0
JIJEL,18,2020-02-29,0,0,0
SETIF,19,2020-02-29,0,0,0
SAIDA,20,2020-02-29,0,0,0
SKIKDA,21,2020-02-29,0,0,0
SIDI BEL ABBES,22,2020-02-29,0,0,0
ANNABA,23,2020-02-29,0,0,0
GUELMA,24,2020-02-29,0,0,0
CONSTANTINE,25,2020-02-29,0,0,0
MEDEA,26,2020-02-29,0,0,0
MOSTAGANEM,27,2020-02-29,0,0,0
M'SILA,28,2020-02-29,0,0,0
MASCARA,29,2020-02-29,0,0,0
OUARGLA,30,2020-02-29,0,1,0
ORAN,31,2020-02-29,0,0,0
EL BAYADH,32,2020-02-29,0,0,0
ILLIZI,33,2020-02-29,0,0,0
BORDJ BOU ARRERIDJ,34,2020-02-29,0,0,0
BOUMERDES,35,2020-02-29,0,0,0
EL-TARF,36,2020-02-29,0,0,0
TINDOUF,37,2020-02-29,0,0,0
TISSEMSILT,38,2020-02-29,0,0,0
EL OUED,39,2020-02-29,0,0,0
KHENCHELA,40,2020-02-29,0,0,0
SOUK-AHRAS,41,2020-02-29,0,0,0
TIPAZA,42,2020-02-29,0,0,0
MILA,43,2020-02-29,0,0,0
AIN DEFLA,44,2020-02-29,0,0,0
NAAMA,45,2020-02-29,0,0,0
AIN-TEMOUCHENT,46,2020-02-29,0,0,0
GHARDAIA,47,2020-02-29,0,0,0
RELIZANE,48,2020-02-29,0,0,0
ADRAR,1,2020-03-01,0,0,0
CHLEF,2,2020-03-01,0,0,0
LAGHOUAT,3,2020-03-01,0,0,0
OUM EL BOUAGHI,4,2020-03-01,0,0,0
BATNA,5,2020-03-01,0,0,0
BEJAIA,6,2020-03-01,0,0,0
BISKRA,7,2020-03-01,0,0,0
BECHAR,8,2020-03-01,0,0,0
BLIDA,9,2020-03-01,2,2,0
BOUIRA,10,2020-03-01,0,0,0
TAMENGHASSET,11,2020-03-01,0,0,0
TEBESSA,12,2020-03-01,0,0,0
TLEMCEN,13,2020-03-01,0,0,0
TIARET,14,2020-03-01,0,0,0
TIZI OUZOU,15,2020-03-01,0,0,0
ALGER,16,2020-03-01,0,0,0
DJELFA,17,2020-03-01,0,0,0
JIJEL,18,2020-03-01,0,0,0
SETIF,19,2020-03-01,0,0,0
SAIDA,20,2020-03-01,0,0,0
SKIKDA,21,2020-03-01,0,0,0
SIDI BEL ABBES,22,2020-03-01,0,0,0
ANNABA,23,2020-03-01,0,0,0
GUELMA,24,2020-03-01,0,0,0
CONSTANTINE,25,2020-03-01,0,0,0
MEDEA,26,2020-03-01,0,0,0
MOSTAGANEM,27,2020-03-01,0,0,0
M'SILA,28,2020-03-01,0,0,0
MASCARA,29,2020-03-01,0,0,0
OUARGLA,30,2020-03-01,0,1,0
ORAN,31,2020-03-01,0,0,0
EL BAYADH,32,2020-03-01,0,0,0
ILLIZI,33,2020-03-01,0,0,0
BORDJ BOU ARRERIDJ,34,2020-03-01,0,0,0
BOUMERDES,35,2020-03-01,0,0,0
EL-TARF,36,2020-03-01,0,0,0
TINDOUF,37,2020-03-01,0,0,0
TISSEMSILT,38,2020-03-01,0,0,0
EL OUED,39,2020-03-01,0,0,0
KHENCHELA,40,2020-03-01,0,0,0
SOUK-AHRAS,41,2020-03-01,0,0,0
TIPAZA,42,2020-03-01,0,0,0
MILA,43,2020-03-01,0,0,0
AIN DEFLA,44,2020-03-01,0,0,0
NAAMA,45,2020-03-01,0,0,0
AIN-TEMOUCHENT,46,2020-03-01,0,0,0
GHARDAIA,47,2020-03-01,0,0,0
RELIZANE,48,2020-03-01,0,0,0
ADRAR,1,2020-03-02,0,0,0
CHLEF,2,2020-03-02,0,0,0
LAGHOUAT,3,2020-03-02,0,0,0
OUM EL BOUAGHI,4,2020-03-02,0,0,0
BATNA,5,2020-03-02,0,0,0
BEJAIA,6,2020-03-02,0,0,0
BISKRA,7,2020-03-02,0,0,0
BECHAR,8,2020-03-02,0,0,0
BLIDA,9,2020-03-02,0,2,0
BOUIRA,10,2020-03-02,0,0,0
TAMENGHASSET,11,2020-03-02,0,0,0
TEBESSA,12,2020-03-02,0,0,0
TLEMCEN,13,2020-03-02,0,0,0
TIARET,14,2020-03-02,0,0,0
TIZI OUZOU,15,2020-03-02,0,0,0
ALGER,16,2020-03-02,0,0,0
DJELFA,17,2020-03-02,0,0,0
JIJEL,18,2020-03-02,0,0,0
SETIF,19,2020-03-02,0,0,0
SAIDA,20,2020-03-02,0,0,0
SKIKDA,21,2020-03-02,0,0,0
SIDI BEL ABBES,22,2020-03-02,0,0,0
ANNABA,23,2020-03-02,0,0,0
GUELMA,24,2020-03-02,0,0,0
CONSTANTINE,25,2020-03-02,0,0,0
MEDEA,26,2020-03-02,0,0,0
MOSTAGANEM,27,2020-03-02,0,0,0
M'SILA,28,2020-03-02,0,0,0
MASCARA,29,2020-03-02,0,0,0
OUARGLA,30,2020-03-02,0,1,0
ORAN,31,2020-03-02,0,0,0
EL BAYADH,32,2020-03-02,0,0,0
ILLIZI,33,2020-03-02,0,0,0
BORDJ BOU ARRERIDJ,34,2020-03-02,0,0,0
BOUMERDES,35,2020-03-02,0,0,0
EL-TARF,36,2020-03-02,0,0,0
TINDOUF,37,2020-03-02,0,0,0
TISSEMSILT,38,2020-03-02,0,0,0
EL OUED,39,2020-03-02,0,0,0
KHENCHELA,40,2020-03-02,0,0,0
SOUK-AHRAS,41,2020-03-02,0,0,0
TIPAZA,42,2020-03-02,0,0,0
MILA,43,2020-03-02,0,0,0
AIN DEFLA,44,2020-03-02,0,0,0
NAAMA,45,2020-03-02,0,0,0
AIN-TEMOUCHENT,46,2020-03-02,0,0,0
GHARDAIA,47,2020-03-02,0,0,0
RELIZANE,48,2020-03-02,0,0,0
ADRAR,1,2020-03-03,0,0,0
CHLEF,2,2020-03-03,0,0,0
LAGHOUAT,3,2020-03-03,0,0,0
OUM EL BOUAGHI,4,2020-03-03,0,0,0
BATNA,5,2020-03-03,0,0,0
BEJAIA,6,2020-03-03,0,0,0
BISKRA,7,2020-03-03,0,0,0
BECHAR,8,2020-03-03,0,0,0
BLIDA,9,2020-03-03,2,4,0
BOUIRA,10,2020-03-03,0,0,0
TAMENGHASSET,11,2020-03-03,0,0,0
TEBESSA,12,2020-03-03,0,0,0
TLEMCEN,13,2020-03-03,0,0,0
TIARET,14,2020-03-03,0,0,0
TIZI OUZOU,15,2020-03-03,0,0,0
ALGER,16,2020-03-03,0,0,0
DJELFA,17,2020-03-03,0,0,0
JIJEL,18,2020-03-03,0,0,0
SETIF,19,2020-03-03,0,0,0
SAIDA,20,2020-03-03,0,0,0
SKIKDA,21,2020-03-03,0,0,0
SIDI BEL ABBES,22,2020-03-03,0,0,0
ANNABA,23,2020-03-03,0,0,0
GUELMA,24,2020-03-03,0,0,0
CONSTANTINE,25,2020-03-03,0,0,0
MEDEA,26,2020-03-03,0,0,0
MOSTAGANEM,27,2020-03-03,0,0,0
M'SILA,28,2020-03-03,0,0,0
MASCARA,29,2020-03-03,0,0,0
OUARGLA,30,2020-03-03,0,1,0
ORAN,31,2020-03-03,0,0,0
EL BAYADH,32,2020-03-03,0,0,0
ILLIZI,33,2020-03-03,0,0,0
BORDJ BOU ARRERIDJ,34,2020-03-03,0,0,0
BOUMERDES,35,2020-03-03,0,0,0
EL-TARF,36,2020-03-03,0,0,0
TINDOUF,37,2020-03-03,0,0,0
TISSEMSILT,38,2020-03-03,0,0,0
EL OUED,39,2020-03-03,0,0,0
KHENCHELA,40,2020-03-03,0,0,0
SOUK-AHRAS,41,2020-03-03,0,0,0
TIPAZA,42,2020-03-03,0,0,0
MILA,43,2020-03-03,0,0,0
AIN DEFLA,44,2020-03-03,0,0,0
NAAMA,45,2020-03-03,0,0,0
AIN-TEMOUCHENT,46,2020-03-03,0,0,0
GHARDAIA,47,2020-03-03,0,0,0
RELIZANE,48,2020-03-03,0,0,0
ADRAR,1,2020-03-04,0,0,0
CHLEF,2,2020-03-04,0,0,0
LAGHOUAT,3,2020-03-04,0,0,0
OUM EL BOUAGHI,4,2020-03-04,0,0,0
BATNA,5,2020-03-04,0,0,0
BEJAIA,6,2020-03-04,0,0,0
BISKRA,7,2020-03-04,0,0,0
BECHAR,8,2020-03-04,0,0,0
BLIDA,9,2020-03-04,3,7,0
BOUIRA,10,2020-03-04,0,0,0
TAMENGHASSET,11,2020-03-04,0,0,0
TEBESSA,12,2020-03-04,0,0,0
TLEMCEN,13,2020-03-04,0,0,0
TIARET,14,2020-03-04,0,0,0
TIZI OUZOU,15,2020-03-04,0,0,0
ALGER,16,2020-03-04,0,0,0
DJELFA,17,2020-03-04,0,0,0
JIJEL,18,2020-03-04,0,0,0
SETIF,19,2020-03-04,0,0,0
SAIDA,20,2020-03-04,0,0,0
SKIKDA,21,2020-03-04,0,0,0
SIDI BEL ABBES,22,2020-03-04,0,0,0
ANNABA,23,2020-03-04,0,0,0
GUELMA,24,2020-03-04,0,0,0
CONSTANTINE,25,2020-03-04,0,0,0
MEDEA,26,2020-03-04,0,0,0
MOSTAGANEM,27,2020-03-04,0,0,0
M'SILA,28,2020-03-04,0,0,0
MASCARA,29,2020-03-04,0,0,0
OUARGLA,30,2020-03-04,0,1,0
ORAN,31,2020-03-04,0,0,0
EL BAYADH,32,2020-03-04,0,0,0
ILLIZI,33,2020-03-04,0,0,0
BORDJ BOU ARRERIDJ,34,2020-03-04,0,0,0
BOUMERDES,35,2020-03-04,0,0,0
EL-TARF,36,2020-03-04,0,0,0
TINDOUF,37,2020-03-04,0,0,0
TISSEMSILT,38,2020-03-04,0,0,0
EL OUED,39,2020-03-04,0,0,0
KHENCHELA,40,2020-03-04,0,0,0
SOUK-AHRAS,41,2020-03-04,0,0,0
TIPAZA,42,2020-03-04,0,0,0
MILA,43,2020-03-04,0,0,0
AIN DEFLA,44,2020-03-04,0,0,0
NAAMA,45,2020-03-04,0,0,0
AIN-TEMOUCHENT,46,2020-03-04,0,0,0
GHARDAIA,47,2020-03-04,0,0,0
RELIZANE,48,2020-03-04,0,0,0
ADRAR,1,2020-03-05,0,0,0
CHLEF,2,2020-03-05,0,0,0
LAGHOUAT,3,2020-03-05,0,0,0
OUM EL BOUAGHI,4,2020-03-05,0,0,0
BATNA,5,2020-03-05,0,0,0
BEJAIA,6,2020-03-05,0,0,0
BISKRA,7,2020-03-05,0,0,0
BECHAR,8,2020-03-05,0,0,0
BLIDA,9,2020-03-05,7,14,0
BOUIRA,10,2020-03-05,0,0,0
TAMENGHASSET,11,2020-03-05,0,0,0
TEBESSA,12,2020-03-05,0,0,0
TLEMCEN,13,2020-03-05,0,0,0
TIARET,14,2020-03-05,0,0,0
TIZI OUZOU,15,2020-03-05,0,0,0
ALGER,16,2020-03-05,0,0,0
DJELFA,17,2020-03-05,0,0,0
JIJEL,18,2020-03-05,0,0,0
SETIF,19,2020-03-05,0,0,0
SAIDA,20,2020-03-05,0,0,0
SKIKDA,21,2020-03-05,0,0,0
SIDI BEL ABBES,22,2020-03-05,0,0,0
ANNABA,23,2020-03-05,0,0,0
GUELMA,24,2020-03-05,0,0,0
CONSTANTINE,25,2020-03-05,0,0,0
MEDEA,26,2020-03-05,0,0,0
MOSTAGANEM,27,2020-03-05,0,0,0
M'SILA,28,2020-03-05,0,0,0
MASCARA,29,2020-03-05,2,2,0
OUARGLA,30,2020-03-05,0,1,0
ORAN,31,2020-03-05,0,0,0
EL BAYADH,32,2020-03-05,0,0,0
ILLIZI,33,2020-03-05,0,0,0
BORDJ BOU ARRERIDJ,34,2020-03-05,0,0,0
BOUMERDES,35,2020-03-05,0,0,0
EL-TARF,36,2020-03-05,0,0,0
TINDOUF,37,2020-03-05,0,0,0
TISSEMSILT,38,2020-03-05,0,0,0
EL OUED,39,2020-03-05,0,0,0
KHENCHELA,40,2020-03-05,0,0,0
SOUK-AHRAS,41,2020-03-05,0,0,0
TIPAZA,42,2020-03-05,0,0,0
MILA,43,2020-03-05,0,0,0
AIN DEFLA,44,2020-03-05,0,0,0
NAAMA,45,2020-03-05,0,0,0
AIN-TEMOUCHENT,46,2020-03-05,0,0,0
GHARDAIA,47,2020-03-05,0,0,0
RELIZANE,48,2020-03-05,0,0,0
ADRAR,1,2020-03-06,0,0,0
CHLEF,2,2020-03-06,0,0,0
LAGHOUAT,3,2020-03-06,0,0,0
OUM EL BOUAGHI,4,2020-03-06,0,0,0
BATNA,5,2020-03-06,0,0,0
BEJAIA,6,2020-03-06,0,0,0
BISKRA,7,2020-03-06,0,0,0
BECHAR,8,2020-03-06,0,0,0
BLIDA,9,2020-03-06,0,14,0
BOUIRA,10,2020-03-06,0,0,0
TAMENGHASSET,11,2020-03-06,0,0,0
TEBESSA,12,2020-03-06,0,0,0
TLEMCEN,13,2020-03-06,0,0,0
TIARET,14,2020-03-06,0,0,0
TIZI OUZOU,15,2020-03-06,0,0,0
ALGER,16,2020-03-06,0,0,0
DJELFA,17,2020-03-06,0,0,0
JIJEL,18,2020-03-06,0,0,0
SETIF,19,2020-03-06,0,0,0
SAIDA,20,2020-03-06,0,0,0
SKIKDA,21,2020-03-06,0,0,0
SIDI BEL ABBES,22,2020-03-06,0,0,0
ANNABA,23,2020-03-06,0,0,0
GUELMA,24,2020-03-06,0,0,0
CONSTANTINE,25,2020-03-06,0,0,0
MEDEA,26,2020-03-06,0,0,0
MOSTAGANEM,27,2020-03-06,0,0,0
M'SILA,28,2020-03-06,0,0,0
MASCARA,29,2020-03-06,0,2,0
OUARGLA,30,2020-03-06,0,1,0
ORAN,31,2020-03-06,0,0,0
EL BAYADH,32,2020-03-06,0,0,0
ILLIZI,33,2020-03-06,0,0,0
BORDJ BOU ARRERIDJ,34,2020-03-06,0,0,0
BOUMERDES,35,2020-03-06,0,0,0
EL-TARF,36,2020-03-06,0,0,0
TINDOUF,37,2020-03-06,0,0,0
TISSEMSILT,38,2020-03-06,0,0,0
EL OUED,39,2020-03-06,0,0,0
KHENCHELA,40,2020-03-06,0,0,0
SOUK-AHRAS,41,2020-03-06,0,0,0
TIPAZA,42,2020-03-06,0,0,0
MILA,43,2020-03-06,0,0,0
AIN DEFLA,44,2020-03-06,0,0,0
NAAMA,45,2020-03-06,0,0,0
AIN-TEMOUCHENT,46,2020-03-06,0,0,0
GHARDAIA,47,2020-03-06,0,0,0
RELIZANE,48,2020-03-06,0,0,0
ADRAR,1,2020-03-07,0,0,0
CHLEF,2,2020-03-07,0,0,0
LAGHOUAT,3,2020-03-07,0,0,0
OUM EL BOUAGHI,4,2020-03-07,0,0,0
BATNA,5,2020-03-07,0,0,0
BEJAIA,6,2020-03-07,0,0,0
BISKRA,7,2020-03-07,0,0,0
BECHAR,8,2020-03-07,0,0,0
BLIDA,9,2020-03-07,2,16,0
BOUIRA,10,2020-03-07,0,0,0
TAMENGHASSET,11,2020-03-07,0,0,0
TEBESSA,12,2020-03-07,0,0,0
TLEMCEN,13,2020-03-07,0,0,0
TIARET,14,2020-03-07,0,0,0
TIZI OUZOU,15,2020-03-07,0,0,0
ALGER,16,2020-03-07,0,0,0
DJELFA,17,2020-03-07,0,0,0
JIJEL,18,2020-03-07,0,0,0
SETIF,19,2020-03-07,0,0,0
SAIDA,20,2020-03-07,0,0,0
SKIKDA,21,2020-03-07,0,0,0
SIDI BEL ABBES,22,2020-03-07,0,0,0
ANNABA,23,2020-03-07,0,0,0
GUELMA,24,2020-03-07,0,0,0
CONSTANTINE,25,2020-03-07,0,0,0
MEDEA,26,2020-03-07,0,0,0
MOSTAGANEM,27,2020-03-07,0,0,0
M'SILA,28,2020-03-07,0,0,0
MASCARA,29,2020-03-07,0,2,0
OUARGLA,30,2020-03-07,0,1,0
ORAN,31,2020-03-07,0,0,0
EL BAYADH,32,2020-03-07,0,0,0
ILLIZI,33,2020-03-07,0,0,0
BORDJ BOU ARRERIDJ,34,2020-03-07,0,0,0
BOUMERDES,35,2020-03-07,0,0,0
EL-TARF,36,2020-03-07,0,0,0
TINDOUF,37,2020-03-07,0,0,0
TISSEMSILT,38,2020-03-07,0,0,0
EL OUED,39,2020-03-07,0,0,0
KHENCHELA,40,2020-03-07,0,0,0
SOUK-AHRAS,41,2020-03-07,0,0,0
TIPAZA,42,2020-03-07,0,0,0
MILA,43,2020-03-07,0,0,0
AIN DEFLA,44,2020-03-07,0,0,0
NAAMA,45,2020-03-07,0,0,0
AIN-TEMOUCHENT,46,2020-03-07,0,0,0
GHARDAIA,47,2020-03-07,0,0,0
RELIZANE,48,2020-03-07,0,0,0
ADRAR,1,2020-03-08,0,0,0
CHLEF,2,2020-03-08,0,0,0
LAGHOUAT,3,2020-03-08,0,0,0
OUM EL BOUAGHI,4,2020-03-08,0,0,0
BATNA,5,2020-03-08,0,0,0
BEJAIA,6,2020-03-08,0,0,0
BISKRA,7,2020-03-08,0,0,0
BECHAR,8,2020-03-08,0,0,0
BLIDA,9,2020-03-08,1,17,0
BOUIRA,10,2020-03-08,0,0,0
TAMENGHASSET,11,2020-03-08,0,0,0
TEBESSA,12,2020-03-08,0,0,0
TLEMCEN,13,2020-03-08,0,0,0
TIARET,14,2020-03-08,0,0,0
TIZI OUZOU,15,2020-03-08,0,0,0
ALGER,16,2020-03-08,0,0,0
DJELFA,17,2020-03-08,0,0,0
JIJEL,18,2020-03-08,0,0,0
SETIF,19,2020-03-08,0,0,0
SAIDA,20,2020-03-08,0,0,0
SKIKDA,21,2020-03-08,0,0,0
SIDI BEL ABBES,22,2020-03-08,0,0,0
ANNABA,23,2020-03-08,0,0,0
GUELMA,24,2020-03-08,0,0,0
CONSTANTINE,25,2020-03-08,0,0,0
MEDEA,26,2020-03-08,0,0,0
MOSTAGANEM,27,2020-03-08,0,0,0
M'SILA,28,2020-03-08,0,0,0
MASCARA,29,2020-03-08,0,2,0
OUARGLA,30,2020-03-08,0,1,0
ORAN,31,2020-03-08,0,0,0
EL BAYADH,32,2020-03-08,0,0,0
ILLIZI,33,2020-03-08,0,0,0
BORDJ BOU ARRERIDJ,34,2020-03-08,0,0,0
BOUMERDES,35,2020-03-08,0,0,0
EL-TARF,36,2020-03-08,0,0,0
TINDOUF,37,2020-03-08,0,0,0
TISSEMSILT,38,2020-03-08,0,0,0
EL OUED,39,2020-03-08,0,0,0
KHENCHELA,40,2020-03-08,0,0,0
SOUK-AHRAS,41,2020-03-08,0,0,0
TIPAZA,42,2020-03-08,0,0,0
MILA,43,2020-03-08,0,0,0
AIN DEFLA,44,2020-03-08,0,0,0
NAAMA,45,2020-03-08,0,0,0
AIN-TEMOUCHENT,46,2020-03-08,0,0,0
GHARDAIA,47,2020-03-08,0,0,0
RELIZANE,48,2020-03-08,0,0,0
ADRAR,1,2020-03-09,0,0,0
CHLEF,2,2020-03-09,0,0,0
LAGHOUAT,3,2020-03-09,0,0,0
OUM EL BOUAGHI,4,2020-03-09,0,0,0
BATNA,5,2020-03-09,0,0,0
BEJAIA,6,2020-03-09,0,0,0
BISKRA,7,2020-03-09,0,0,0
BECHAR,8,2020-03-09,0,0,0
BLIDA,9,2020-03-09,0,17,0
BOUIRA,10,2020-03-09,0,0,0
TAMENGHASSET,11,2020-03-09,0,0,0
TEBESSA,12,2020-03-09,0,0,0
TLEMCEN,13,2020-03-09,0,0,0
TIARET,14,2020-03-09,0,0,0
TIZI OUZOU,15,2020-03-09,0,0,0
ALGER,16,2020-03-09,0,0,0
DJELFA,17,2020-03-09,0,0,0
JIJEL,18,2020-03-09,0,0,0
SETIF,19,2020-03-09,0,0,0
SAIDA,20,2020-03-09,0,0,0
SKIKDA,21,2020-03-09,0,0,0
SIDI BEL ABBES,22,2020-03-09,0,0,0
ANNABA,23,2020-03-09,0,0,0
GUELMA,24,2020-03-09,0,0,0
CONSTANTINE,25,2020-03-09,0,0,0
MEDEA,26,2020-03-09,0,0,0
MOSTAGANEM,27,2020-03-09,0,0,0
M'SILA,28,2020-03-09,0,0,0
MASCARA,29,2020-03-09,0,2,0
OUARGLA,30,2020-03-09,0,1,0
ORAN,31,2020-03-09,0,0,0
EL BAYADH,32,2020-03-09,0,0,0
ILLIZI,33,2020-03-09,0,0,0
BORDJ BOU ARRERIDJ,34,2020-03-09,0,0,0
BOUMERDES,35,2020-03-09,0,0,0
EL-TARF,36,2020-03-09,0,0,0
TINDOUF,37,2020-03-09,0,0,0
TISSEMSILT,38,2020-03-09,0,0,0
EL OUED,39,2020-03-09,0,0,0
KHENCHELA,40,2020-03-09,0,0,0
SOUK-AHRAS,41,2020-03-09,0,0,0
TIPAZA,42,2020-03-09,0,0,0
MILA,43,2020-03-09,0,0,0
AIN DEFLA,44,2020-03-09,0,0,0
NAAMA,45,2020-03-09,0,0,0
AIN-TEMOUCHENT,46,2020-03-09,0,0,0
GHARDAIA,47,2020-03-09,0,0,0
RELIZANE,48,2020-03-09,0,0,0
ADRAR,1,2020-03-10,0,0,0
CHLEF,2,2020-03-10,0,0,0
LAGHOUAT,3,2020-03-10,0,0,0
OUM EL BOUAGHI,4,2020-03-10,0,0,0
BATNA,5,2020-03-10,0,0,0
BEJAIA,6,2020-03-10,0,0,0
BISKRA,7,2020-03-10,0,0,0
BECHAR,8,2020-03-10,0,0,0
BLIDA,9,2020-03-10,0,17,0
BOUIRA,10,2020-03-10,0,0,0
TAMENGHASSET,11,2020-03-10,0,0,0
TEBESSA,12,2020-03-10,0,0,0
TLEMCEN,13,2020-03-10,0,0,0
TIARET,14,2020-03-10,0,0,0
TIZI OUZOU,15,2020-03-10,0,0,0
ALGER,16,2020-03-10,0,0,0
DJELFA,17,2020-03-10,0,0,0
JIJEL,18,2020-03-10,0,0,0
SETIF,19,2020-03-10,0,0,0
SAIDA,20,2020-03-10,0,0,0
SKIKDA,21,2020-03-10,0,0,0
SIDI BEL ABBES,22,2020-03-10,0,0,0
ANNABA,23,2020-03-10,0,0,0
GUELMA,24,2020-03-10,0,0,0
CONSTANTINE,25,2020-03-10,0,0,0
MEDEA,26,2020-03-10,0,0,0
MOSTAGANEM,27,2020-03-10,0,0,0
M'SILA,28,2020-03-10,0,0,0
MASCARA,29,2020-03-10,0,2,0
OUARGLA,30,2020-03-10,0,1,0
ORAN,31,2020-03-10,0,0,0
EL BAYADH,32,2020-03-10,0,0,0
ILLIZI,33,2020-03-10,0,0,0
BORDJ BOU ARRERIDJ,34,2020-03-10,0,0,0
BOUMERDES,35,2020-03-10,0,0,0
EL-TARF,36,2020-03-10,0,0,0
TINDOUF,37,2020-03-10,0,0,0
TISSEMSILT,38,2020-03-10,0,0,0
EL OUED,39,2020-03-10,0,0,0
KHENCHELA,40,2020-03-10,0,0,0
SOUK-AHRAS,41,2020-03-10,0,0,0
TIPAZA,42,2020-03-10,0,0,0
MILA,43,2020-03-10,0,0,0
AIN DEFLA,44,2020-03-10,0,0,0
NAAMA,45,2020-03-10,0,0,0
AIN-TEMOUCHENT,46,2020-03-10,0,0,0
GHARDAIA,47,2020-03-10,0,0,0
RELIZANE,48,2020-03-10,0,0,0
ADRAR,1,2020-03-11,0,0,0
CHLEF,2,2020-03-11,0,0,0
LAGHOUAT,3,2020-03-11,0,0,0
OUM EL BOUAGHI,4,2020-03-11,0,0,0
BATNA,5,2020-03-11,0,0,0
BEJAIA,6,2020-03-11,0,0,0
BISKRA,7,2020-03-11,0,0,0
BECHAR,8,2020-03-11,0,0,0
BLIDA,9,2020-03-11,0,17,0
BOUIRA,10,2020-03-11,0,0,0
TAMENGHASSET,11,2020-03-11,0,0,0
TEBESSA,12,2020-03-11,0,0,0
TLEMCEN,13,2020-03-11,0,0,0
TIARET,14,2020-03-11,0,0,0
TIZI OUZOU,15,2020-03-11,0,0,0
ALGER,16,2020-03-11,0,0,0
DJELFA,17,2020-03-11,0,0,0
JIJEL,18,2020-03-11,0,0,0
SETIF,19,2020-03-11,0,0,0
SAIDA,20,2020-03-11,0,0,0
SKIKDA,21,2020-03-11,0,0,0
SIDI BEL ABBES,22,2020-03-11,0,0,0
ANNABA,23,2020-03-11,0,0,0
GUELMA,24,2020-03-11,0,0,0
CONSTANTINE,25,2020-03-11,0,0,0
MEDEA,26,2020-03-11,0,0,0
MOSTAGANEM,27,2020-03-11,0,0,0
M'SILA,28,2020-03-11,0,0,0
MASCARA,29,2020-03-11,0,2,0
OUARGLA,30,2020-03-11,0,1,0
ORAN,31,2020-03-11,0,0,0
EL BAYADH,32,2020-03-11,0,0,0
ILLIZI,33,2020-03-11,0,0,0
BORDJ BOU ARRERIDJ,34,2020-03-11,0,0,0
BOUMERDES,35,2020-03-11,0,0,0
EL-TARF,36,2020-03-11,0,0,0
TINDOUF,37,2020-03-11,0,0,0
TISSEMSILT,38,2020-03-11,0,0,0
EL OUED,39,2020-03-11,0,0,0
KHENCHELA,40,2020-03-11,0,0,0
SOUK-AHRAS,41,2020-03-11,0,0,0
TIPAZA,42,2020-03-11,0,0,0
MILA,43,2020-03-11,0,0,0
AIN DEFLA,44,2020-03-11,0,0,0
NAAMA,45,2020-03-11,0,0,0
AIN-TEMOUCHENT,46,2020-03-11,0,0,0
GHARDAIA,47,2020-03-11,0,0,0
RELIZANE,48,2020-03-11,0,0,0
ADRAR,1,2020-03-12,0,0,0
CHLEF,2,2020-03-12,0,0,0
LAGHOUAT,3,2020-03-12,0,0,0
OUM EL BOUAGHI,4,2020-03-12,0,0,0
BATNA,5,2020-03-12,0,0,0
BEJAIA,6,2020-03-12,0,0,0
BISKRA,7,2020-03-12,0,0,0
BECHAR,8,2020-03-12,0,0,0
BLIDA,9,2020-03-12,2,19,1
BOUIRA,10,2020-03-12,0,0,0
TAMENGHASSET,11,2020-03-12,0,0,0
TEBESSA,12,2020-03-12,0,0,0
TLEMCEN,13,2020-03-12,0,0,0
TIARET,14,2020-03-12,0,0,0
TIZI OUZOU,15,2020-03-12,1,1,0
ALGER,16,2020-03-12,0,0,0
DJELFA,17,2020-03-12,0,0,0
JIJEL,18,2020-03-12,0,0,0
SETIF,19,2020-03-12,0,0,0
SAIDA,20,2020-03-12,0,0,0
SKIKDA,21,2020-03-12,2,2,1
SIDI BEL ABBES,22,2020-03-12,0,0,0
ANNABA,23,2020-03-12,0,0,0
GUELMA,24,2020-03-12,0,0,0
CONSTANTINE,25,2020-03-12,0,0,0
MEDEA,26,2020-03-12,0,0,0
MOSTAGANEM,27,2020-03-12,0,0,0
M'SILA,28,2020-03-12,0,0,0
MASCARA,29,2020-03-12,0,2,0
OUARGLA,30,2020-03-12,0,1,0
ORAN,31,2020-03-12,0,0,0
EL BAYADH,32,2020-03-12,0,0,0
ILLIZI,33,2020-03-12,0,0,0
BORDJ BOU ARRERIDJ,34,2020-03-12,0,0,0
BOUMERDES,35,2020-03-12,0,0,0
EL-TARF,36,2020-03-12,0,0,0
TINDOUF,37,2020-03-12,0,0,0
TISSEMSILT,38,2020-03-12,0,0,0
EL OUED,39,2020-03-12,0,0,0
KHENCHELA,40,2020-03-12,0,0,0
SOUK-AHRAS,41,2020-03-12,1,1,0
TIPAZA,42,2020-03-12,0,0,0
MILA,43,2020-03-12,0,0,0
AIN DEFLA,44,2020-03-12,0,0,0
NAAMA,45,2020-03-12,0,0,0
AIN-TEMOUCHENT,46,2020-03-12,0,0,0
GHARDAIA,47,2020-03-12,0,0,0
RELIZANE,48,2020-03-12,0,0,0
ADRAR,1,2020-03-13,0,0,0
CHLEF,2,2020-03-13,0,0,0
LAGHOUAT,3,2020-03-13,0,0,0
OUM EL BOUAGHI,4,2020-03-13,0,0,0
BATNA,5,2020-03-13,0,0,0
BEJAIA,6,2020-03-13,0,0,0
BISKRA,7,2020-03-13,0,0,0
BECHAR,8,2020-03-13,0,0,0
BLIDA,9,2020-03-13,0,19,1
BOUIRA,10,2020-03-13,0,0,0
TAMENGHASSET,11,2020-03-13,0,0,0
TEBESSA,12,2020-03-13,0,0,0
TLEMCEN,13,2020-03-13,0,0,0
TIARET,14,2020-03-13,0,0,0
TIZI OUZOU,15,2020-03-13,0,1,0
ALGER,16,2020-03-13,1,1,0
DJELFA,17,2020-03-13,0,0,0
JIJEL,18,2020-03-13,0,0,0
SETIF,19,2020-03-13,0,0,0
SAIDA,20,2020-03-13,0,0,0
SKIKDA,21,2020-03-13,0,2,1
SIDI BEL ABBES,22,2020-03-13,0,0,0
ANNABA,23,2020-03-13,0,0,0
GUELMA,24,2020-03-13,0,0,0
CONSTANTINE,25,2020-03-13,0,0,0
MEDEA,26,2020-03-13,0,0,0
MOSTAGANEM,27,2020-03-13,0,0,0
M'SILA,28,2020-03-13,0,0,0
MASCARA,29,2020-03-13,0,2,0
OUARGLA,30,2020-03-13,0,1,0
ORAN,31,2020-03-13,0,0,0
EL BAYADH,32,2020-03-13,0,0,0
ILLIZI,33,2020-03-13,0,0,0
BORDJ BOU ARRERIDJ,34,2020-03-13,0,0,0
BOUMERDES,35,2020-03-13,0,0,0
EL-TARF,36,2020-03-13,0,0,0
TINDOUF,37,2020-03-13,0,0,0
TISSEMSILT,38,2020-03-13,0,0,0
EL OUED,39,2020-03-13,0,0,0
KHENCHELA,40,2020-03-13,0,0,0
SOUK-AHRAS,41,2020-03-13,0,1,0
TIPAZA,42,2020-03-13,0,0,0
MILA,43,2020-03-13,0,0,0
AIN DEFLA,44,2020-03-13,0,0,0
NAAMA,45,2020-03-13,0,0,0
AIN-TEMOUCHENT,46,2020-03-13,0,0,0
GHARDAIA,47,2020-03-13,0,0,0
RELIZANE,48,2020-03-13,0,0,0
ADRAR,1,2020-03-14,0,0,0
CHLEF,2,2020-03-14,0,0,0
LAGHOUAT,3,2020-03-14,0,0,0
OUM EL BOUAGHI,4,2020-03-14,0,0,0
BATNA,5,2020-03-14,0,0,0
BEJAIA,6,2020-03-14,0,0,0
BISKRA,7,2020-03-14,0,0,0
BECHAR,8,2020-03-14,0,0,0
BLIDA,9,2020-03-14,7,26,2
BOUIRA,10,2020-03-14,0,0,0
TAMENGHASSET,11,2020-03-14,0,0,0
TEBESSA,12,2020-03-14,0,0,0
TLEMCEN,13,2020-03-14,0,0,0
TIARET,14,2020-03-14,0,0,0
TIZI OUZOU,15,2020-03-14,2,3,0
ALGER,16,2020-03-14,1,2,0
DJELFA,17,2020-03-14,0,0,0
JIJEL,18,2020-03-14,0,0,0
SETIF,19,2020-03-14,0,0,0
SAIDA,20,2020-03-14,0,0,0
SKIKDA,21,2020-03-14,0,2,1
SIDI BEL ABBES,22,2020-03-14,0,0,0
ANNABA,23,2020-03-14,0,0,0
GUELMA,24,2020-03-14,0,0,0
CONSTANTINE,25,2020-03-14,0,0,0
MEDEA,26,2020-03-14,0,0,0
MOSTAGANEM,27,2020-03-14,0,0,0
M'SILA,28,2020-03-14,0,0,0
MASCARA,29,2020-03-14,0,2,0
OUARGLA,30,2020-03-14,0,1,0
ORAN,31,2020-03-14,0,0,0
EL BAYADH,32,2020-03-14,0,0,0
ILLIZI,33,2020-03-14,0,0,0
BORDJ BOU ARRERIDJ,34,2020-03-14,0,0,0
BOUMERDES,35,2020-03-14,0,0,0
EL-TARF,36,2020-03-14,0,0,0
TINDOUF,37,2020-03-14,0,0,0
TISSEMSILT,38,2020-03-14,0,0,0
EL OUED,39,2020-03-14,0,0,0
KHENCHELA,40,2020-03-14,0,0,0
SOUK-AHRAS,41,2020-03-14,0,1,0
TIPAZA,42,2020-03-14,0,0,0
MILA,43,2020-03-14,0,0,0
AIN DEFLA,44,2020-03-14,0,0,0
NAAMA,45,2020-03-14,0,0,0
AIN-TEMOUCHENT,46,2020-03-14,0,0,0
GHARDAIA,47,2020-03-14,0,0,0
RELIZANE,48,2020-03-14,0,0,0
ADRAR,1,2020-03-15,1,1,0
CHLEF,2,2020-03-15,0,0,0
LAGHOUAT,3,2020-03-15,0,0,0
OUM EL BOUAGHI,4,2020-03-15,0,0,0
BATNA,5,2020-03-15,0,0,0
BEJAIA,6,2020-03-15,0,0,0
BISKRA,7,2020-03-15,0,0,0
BECHAR,8,2020-03-15,0,0,0
BLIDA,9,2020-03-15,14,40,3
BOUIRA,10,2020-03-15,0,0,0
TAMENGHASSET,11,2020-03-15,0,0,0
TEBESSA,12,2020-03-15,0,0,0
TLEMCEN,13,2020-03-15,0,0,0
TIARET,14,2020-03-15,0,0,0
TIZI OUZOU,15,2020-03-15,0,3,0
ALGER,16,2020-03-15,0,2,0
DJELFA,17,2020-03-15,0,0,0
JIJEL,18,2020-03-15,0,0,0
SETIF,19,2020-03-15,0,0,0
SAIDA,20,2020-03-15,0,0,0
SKIKDA,21,2020-03-15,0,2,1
SIDI BEL ABBES,22,2020-03-15,0,0,0
ANNABA,23,2020-03-15,0,0,0
GUELMA,24,2020-03-15,2,2,0
CONSTANTINE,25,2020-03-15,0,0,0
MEDEA,26,2020-03-15,0,0,0
MOSTAGANEM,27,2020-03-15,0,0,0
M'SILA,28,2020-03-15,0,0,0
MASCARA,29,2020-03-15,0,2,0
OUARGLA,30,2020-03-15,0,1,0
ORAN,31,2020-03-15,0,0,0
EL BAYADH,32,2020-03-15,0,0,0
ILLIZI,33,2020-03-15,0,0,0
BORDJ BOU ARRERIDJ,34,2020-03-15,0,0,0
BOUMERDES,35,2020-03-15,0,0,0
EL-TARF,36,2020-03-15,0,0,0
TINDOUF,37,2020-03-15,0,0,0
TISSEMSILT,38,2020-03-15,0,0,0
EL OUED,39,2020-03-15,0,0,0
KHENCHELA,40,2020-03-15,0,0,0
SOUK-AHRAS,41,2020-03-15,0,1,0
TIPAZA,42,2020-03-15,0,0,0
MILA,43,2020-03-15,0,0,0
AIN DEFLA,44,2020-03-15,0,0,0
NAAMA,45,2020-03-15,0,0,0
AIN-TEMOUCHENT,46,2020-03-15,0,0,0
GHARDAIA,47,2020-03-15,0,0,0
RELIZANE,48,2020-03-15,0,0,0
ADRAR,1,2020-03-16,0,1,0
CHLEF,2,2020-03-16,0,0,0
LAGHOUAT,3,2020-03-16,0,0,0
OUM EL BOUAGHI,4,2020-03-16,0,0,0
BATNA,5,2020-03-16,0,0,0
BEJAIA,6,2020-03-16,0,0,0
BISKRA,7,2020-03-16,0,0,0
BECHAR,8,2020-03-16,0,0,0
BLIDA,9,2020-03-16,0,40,3
BOUIRA,10,2020-03-16,1,1,0
TAMENGHASSET,11,2020-03-16,0,0,0
TEBESSA,12,2020-03-16,0,0,0
TLEMCEN,13,2020-03-16,0,0,0
TIARET,14,2020-03-16,0,0,0
TIZI OUZOU,15,2020-03-16,1,4,0
ALGER,16,2020-03-16,2,4,0
DJELFA,17,2020-03-16,0,0,0
JIJEL,18,2020-03-16,0,0,0
SETIF,19,2020-03-16,0,0,0
SAIDA,20,2020-03-16,0,0,0
SKIKDA,21,2020-03-16,0,2,1
SIDI BEL ABBES,22,2020-03-16,0,0,0
ANNABA,23,2020-03-16,1,1,0
GUELMA,24,2020-03-16,0,2,0
CONSTANTINE,25,2020-03-16,0,0,0
MEDEA,26,2020-03-16,0,0,0
MOSTAGANEM,27,2020-03-16,0,0,0
M'SILA,28,2020-03-16,0,0,0
MASCARA,29,2020-03-16,0,2,0
OUARGLA,30,2020-03-16,0,1,0
ORAN,31,2020-03-16,0,0,0
EL BAYADH,32,2020-03-16,0,0,0
ILLIZI,33,2020-03-16,0,0,0
BORDJ BOU ARRERIDJ,34,2020-03-16,1,1,0
BOUMERDES,35,2020-03-16,0,0,0
EL-TARF,36,2020-03-16,0,0,0
TINDOUF,37,2020-03-16,0,0,0
TISSEMSILT,38,2020-03-16,0,0,0
EL OUED,39,2020-03-16,0,0,0
KHENCHELA,40,2020-03-16,0,0,0
SOUK-AHRAS,41,2020-03-16,0,1,0
TIPAZA,42,2020-03-16,0,0,0
MILA,43,2020-03-16,0,0,0
AIN DEFLA,44,2020-03-16,0,0,0
NAAMA,45,2020-03-16,0,0,0
AIN-TEMOUCHENT,46,2020-03-16,0,0,0
GHARDAIA,47,2020-03-16,0,0,0
RELIZANE,48,2020-03-16,0,0,0
ADRAR,1,2020-03-17,0,1,0
CHLEF,2,2020-03-17,0,0,0
LAGHOUAT,3,2020-03-17,0,0,0
OUM EL BOUAGHI,4,2020-03-17,0,0,0
BATNA,5,2020-03-17,0,0,0
BEJAIA,6,2020-03-17,1,1,0
BISKRA,7,2020-03-17,0,0,0
BECHAR,8,2020-03-17,0,0,0
BLIDA,9,2020-03-17,0,40,4
BOUIRA,10,2020-03-17,0,1,0
TAMENGHASSET,11,2020-03-17,0,0,0
TEBESSA,12,2020-03-17,0,0,0
TLEMCEN,13,2020-03-17,0,0,0
TIARET,14,2020-03-17,0,0,0
TIZI OUZOU,15,2020-03-17,0,4,0
ALGER,16,2020-03-17,0,4,0
DJELFA,17,2020-03-17,0,0,0
JIJEL,18,2020-03-17,0,0,0
SETIF,19,2020-03-17,0,0,0
SAIDA,20,2020-03-17,0,0,0
SKIKDA,21,2020-03-17,0,2,1
SIDI BEL ABBES,22,2020-03-17,0,0,0
ANNABA,23,2020-03-17,0,1,0
GUELMA,24,2020-03-17,0,2,0
CONSTANTINE,25,2020-03-17,0,0,0
MEDEA,26,2020-03-17,0,0,0
MOSTAGANEM,27,2020-03-17,0,0,0
M'SILA,28,2020-03-17,0,0,0
MASCARA,29,2020-03-17,0,2,0
OUARGLA,30,2020-03-17,0,1,0
ORAN,31,2020-03-17,0,0,0
EL BAYADH,32,2020-03-17,0,0,0
ILLIZI,33,2020-03-17,0,0,0
BORDJ BOU ARRERIDJ,34,2020-03-17,0,1,0
BOUMERDES,35,2020-03-17,0,0,0
EL-TARF,36,2020-03-17,0,0,0
TINDOUF,37,2020-03-17,0,0,0
TISSEMSILT,38,2020-03-17,0,0,0
EL OUED,39,2020-03-17,0,0,0
KHENCHELA,40,2020-03-17,0,0,0
SOUK-AHRAS,41,2020-03-17,0,1,0
TIPAZA,42,2020-03-17,0,0,0
MILA,43,2020-03-17,0,0,0
AIN DEFLA,44,2020-03-17,0,0,0
NAAMA,45,2020-03-17,0,0,0
AIN-TEMOUCHENT,46,2020-03-17,0,0,0
GHARDAIA,47,2020-03-17,0,0,0
RELIZANE,48,2020-03-17,0,0,0
ADRAR,1,2020-03-18,0,1,0
CHLEF,2,2020-03-18,0,0,0
LAGHOUAT,3,2020-03-18,0,0,0
OUM EL BOUAGHI,4,2020-03-18,0,0,0
BATNA,5,2020-03-18,0,0,0
BEJAIA,6,2020-03-18,0,1,0
BISKRA,7,2020-03-18,0,0,0
BECHAR,8,2020-03-18,0,0,0
BLIDA,9,2020-03-18,2,42,5
BOUIRA,10,2020-03-18,0,1,0
TAMENGHASSET,11,2020-03-18,0,0,0
TEBESSA,12,2020-03-18,0,0,0
TLEMCEN,13,2020-03-18,0,0,0
TIARET,14,2020-03-18,0,0,0
TIZI OUZOU,15,2020-03-18,1,5,0
ALGER,16,2020-03-18,4,8,0
DJELFA,17,2020-03-18,0,0,0
JIJEL,18,2020-03-18,0,0,0
SETIF,19,2020-03-18,0,0,0
SAIDA,20,2020-03-18,0,0,0
SKIKDA,21,2020-03-18,3,5,1
SIDI BEL ABBES,22,2020-03-18,0,0,0
ANNABA,23,2020-03-18,0,1,0
GUELMA,24,2020-03-18,0,2,0
CONSTANTINE,25,2020-03-18,0,0,0
MEDEA,26,2020-03-18,1,1,0
MOSTAGANEM,27,2020-03-18,0,0,0
M'SILA,28,2020-03-18,0,0,0
MASCARA,29,2020-03-18,0,2,0
OUARGLA,30,2020-03-18,0,1,0
ORAN,31,2020-03-18,0,0,0
EL BAYADH,32,2020-03-18,0,0,0
ILLIZI,33,2020-03-18,0,0,0
BORDJ BOU ARRERIDJ,34,2020-03-18,0,1,0
BOUMERDES,35,2020-03-18,1,1,0
EL-TARF,36,2020-03-18,0,0,0
TINDOUF,37,2020-03-18,0,0,0
TISSEMSILT,38,2020-03-18,0,0,0
EL OUED,39,2020-03-18,2,2,1
KHENCHELA,40,2020-03-18,0,0,0
SOUK-AHRAS,41,2020-03-18,0,1,0
TIPAZA,42,2020-03-18,0,0,0
MILA,43,2020-03-18,0,0,0
AIN DEFLA,44,2020-03-18,0,0,0
NAAMA,45,2020-03-18,0,0,0
AIN-TEMOUCHENT,46,2020-03-18,0,0,0
GHARDAIA,47,2020-03-18,0,0,0
RELIZANE,48,2020-03-18,0,0,0
ADRAR,1,2020-03-19,0,1,0
CHLEF,2,2020-03-19,0,0,0
LAGHOUAT,3,2020-03-19,0,0,0
OUM EL BOUAGHI,4,2020-03-19,0,0,0
BATNA,5,2020-03-19,0,0,0
BEJAIA,6,2020-03-19,0,1,0
BISKRA,7,2020-03-19,0,0,0
BECHAR,8,2020-03-19,0,0,0
BLIDA,9,2020-03-19,5,47,6
BOUIRA,10,2020-03-19,0,1,0
TAMENGHASSET,11,2020-03-19,0,0,0
TEBESSA,12,2020-03-19,0,0,0
TLEMCEN,13,2020-03-19,0,0,0
TIARET,14,2020-03-19,0,0,0
TIZI OUZOU,15,2020-03-19,1,6,1
ALGER,16,2020-03-19,4,12,0
DJELFA,17,2020-03-19,0,0,0
JIJEL,18,2020-03-19,0,0,0
SETIF,19,2020-03-19,1,1,0
SAIDA,20,2020-03-19,0,0,0
SKIKDA,21,2020-03-19,0,5,1
SIDI BEL ABBES,22,2020-03-19,0,0,0
ANNABA,23,2020-03-19,4,5,0
GUELMA,24,2020-03-19,0,2,0
CONSTANTINE,25,2020-03-19,0,0,0
MEDEA,26,2020-03-19,1,2,1
MOSTAGANEM,27,2020-03-19,0,0,0
M'SILA,28,2020-03-19,0,0,0
MASCARA,29,2020-03-19,0,2,0
OUARGLA,30,2020-03-19,0,1,0
ORAN,31,2020-03-19,0,0,0
EL BAYADH,32,2020-03-19,0,0,0
ILLIZI,33,2020-03-19,0,0,0
BORDJ BOU ARRERIDJ,34,2020-03-19,1,2,0
BOUMERDES,35,2020-03-19,0,1,0
EL-TARF,36,2020-03-19,0,0,0
TINDOUF,37,2020-03-19,0,0,0
TISSEMSILT,38,2020-03-19,0,0,0
EL OUED,39,2020-03-19,0,2,2
KHENCHELA,40,2020-03-19,0,0,0
SOUK-AHRAS,41,2020-03-19,0,1,0
TIPAZA,42,2020-03-19,0,0,0
MILA,43,2020-03-19,0,0,0
AIN DEFLA,44,2020-03-19,0,0,0
NAAMA,45,2020-03-19,0,0,0
AIN-TEMOUCHENT,46,2020-03-19,0,0,0
GHARDAIA,47,2020-03-19,0,0,0
RELIZANE,48,2020-03-19,0,0,0
ADRAR,1,2020-03-20,0,1,0
CHLEF,2,2020-03-20,0,0,0
LAGHOUAT,3,2020-03-20,0,0,0
OUM EL BOUAGHI,4,2020-03-20,0,0,0
BATNA,5,2020-03-20,0,0,0
BEJAIA,6,2020-03-20,0,1,0
BISKRA,7,2020-03-20,0,0,0
BECHAR,8,2020-03-20,0,0,0
BLIDA,9,2020-03-20,0,47,6
BOUIRA,10,2020-03-20,0,1,0
TAMENGHASSET,11,2020-03-20,0,0,0
TEBESSA,12,2020-03-20,0,0,0
TLEMCEN,13,2020-03-20,0,0,0
TIARET,14,2020-03-20,0,0,0
TIZI OUZOU,15,2020-03-20,0,6,1
ALGER,16,2020-03-20,0,12,0
DJELFA,17,2020-03-20,0,0,0
JIJEL,18,2020-03-20,0,0,0
SETIF,19,2020-03-20,0,1,0
SAIDA,20,2020-03-20,0,0,0
SKIKDA,21,2020-03-20,0,5,1
SIDI BEL ABBES,22,2020-03-20,0,0,0
ANNABA,23,2020-03-20,0,5,0
GUELMA,24,2020-03-20,0,2,0
CONSTANTINE,25,2020-03-20,0,0,0
MEDEA,26,2020-03-20,0,2,1
MOSTAGANEM,27,2020-03-20,0,0,0
M'SILA,28,2020-03-20,0,0,0
MASCARA,29,2020-03-20,0,2,0
OUARGLA,30,2020-03-20,0,1,0
ORAN,31,2020-03-20,0,0,0
EL BAYADH,32,2020-03-20,0,0,0
ILLIZI,33,2020-03-20,0,0,0
BORDJ BOU ARRERIDJ,34,2020-03-20,0,2,0
BOUMERDES,35,2020-03-20,0,1,0
EL-TARF,36,2020-03-20,0,0,0
TINDOUF,37,2020-03-20,0,0,0
TISSEMSILT,38,2020-03-20,0,0,0
EL OUED,39,2020-03-20,0,2,2
KHENCHELA,40,2020-03-20,0,0,0
SOUK-AHRAS,41,2020-03-20,0,1,0
TIPAZA,42,2020-03-20,0,0,0
MILA,43,2020-03-20,0,0,0
AIN DEFLA,44,2020-03-20,0,0,0
NAAMA,45,2020-03-20,0,0,0
AIN-TEMOUCHENT,46,2020-03-20,0,0,0
GHARDAIA,47,2020-03-20,0,0,0
RELIZANE,48,2020-03-20,0,0,0
ADRAR,1,2020-03-21,0,1,0
CHLEF,2,2020-03-21,0,0,0
LAGHOUAT,3,2020-03-21,0,0,0
OUM EL BOUAGHI,4,2020-03-21,0,0,0
BATNA,5,2020-03-21,0,0,0
BEJAIA,6,2020-03-21,0,1,0
BISKRA,7,2020-03-21,0,0,0
BECHAR,8,2020-03-21,0,0,0
BLIDA,9,2020-03-21,31,78,8
BOUIRA,10,2020-03-21,0,1,0
TAMENGHASSET,11,2020-03-21,0,0,0
TEBESSA,12,2020-03-21,0,0,0
TLEMCEN,13,2020-03-21,0,0,0
TIARET,14,2020-03-21,0,0,0
TIZI OUZOU,15,2020-03-21,1,7,1
ALGER,16,2020-03-21,0,12,0
DJELFA,17,2020-03-21,0,0,0
JIJEL,18,2020-03-21,0,0,0
SETIF,19,2020-03-21,0,1,0
SAIDA,20,2020-03-21,0,0,0
SKIKDA,21,2020-03-21,0,5,1
SIDI BEL ABBES,22,2020-03-21,1,1,0
ANNABA,23,2020-03-21,5,5,0
GUELMA,24,2020-03-21,0,2,0
CONSTANTINE,25,2020-03-21,0,0,0
MEDEA,26,2020-03-21,0,2,1
MOSTAGANEM,27,2020-03-21,1,1,0
M'SILA,28,2020-03-21,0,0,0
MASCARA,29,2020-03-21,0,2,0
OUARGLA,30,2020-03-21,0,1,0
ORAN,31,2020-03-21,6,6,0
EL BAYADH,32,2020-03-21,0,0,0
ILLIZI,33,2020-03-21,0,0,0
BORDJ BOU ARRERIDJ,34,2020-03-21,0,2,0
BOUMERDES,35,2020-03-21,0,1,0
EL-TARF,36,2020-03-21,0,0,0
TINDOUF,37,2020-03-21,0,0,0
TISSEMSILT,38,2020-03-21,1,1,0
EL OUED,39,2020-03-21,1,3,2
KHENCHELA,40,2020-03-21,1,1,1
SOUK-AHRAS,41,2020-03-21,1,2,0
TIPAZA,42,2020-03-21,0,0,0
MILA,43,2020-03-21,0,0,0
AIN DEFLA,44,2020-03-21,0,0,0
NAAMA,45,2020-03-21,0,0,0
AIN-TEMOUCHENT,46,2020-03-21,0,0,0
GHARDAIA,47,2020-03-21,0,0,0
RELIZANE,48,2020-03-21,0,0,0
ADRAR,1,2020-03-22,0,1,0
CHLEF,2,2020-03-22,1,1,0
LAGHOUAT,3,2020-03-22,0,0,0
OUM EL BOUAGHI,4,2020-03-22,0,0,0
BATNA,5,2020-03-22,0,0,0
BEJAIA,6,2020-03-22,0,1,1
BISKRA,7,2020-03-22,1,1,0
BECHAR,8,2020-03-22,0,0,0
BLIDA,9,2020-03-22,32,110,8
BOUIRA,10,2020-03-22,0,1,0
TAMENGHASSET,11,2020-03-22,0,0,0
TEBESSA,12,2020-03-22,0,0,0
TLEMCEN,13,2020-03-22,0,0,0
TIARET,14,2020-03-22,0,0,0
TIZI OUZOU,15,2020-03-22,0,7,1
ALGER,16,2020-03-22,9,21,1
DJELFA,17,2020-03-22,0,0,0
JIJEL,18,2020-03-22,1,1,0
SETIF,19,2020-03-22,0,1,0
SAIDA,20,2020-03-22,0,0,0
SKIKDA,21,2020-03-22,0,5,1
SIDI BEL ABBES,22,2020-03-22,0,1,0
ANNABA,23,2020-03-22,0,5,0
GUELMA,24,2020-03-22,0,2,0
CONSTANTINE,25,2020-03-22,1,1,0
MEDEA,26,2020-03-22,0,2,1
MOSTAGANEM,27,2020-03-22,0,1,0
M'SILA,28,2020-03-22,0,0,0
MASCARA,29,2020-03-22,0,2,0
OUARGLA,30,2020-03-22,0,1,0
ORAN,31,2020-03-22,2,8,0
EL BAYADH,32,2020-03-22,0,0,0
ILLIZI,33,2020-03-22,0,0,0
BORDJ BOU ARRERIDJ,34,2020-03-22,0,2,0
BOUMERDES,35,2020-03-22,0,1,0
EL-TARF,36,2020-03-22,0,0,0
TINDOUF,37,2020-03-22,0,0,0
TISSEMSILT,38,2020-03-22,0,1,0
EL OUED,39,2020-03-22,0,3,2
KHENCHELA,40,2020-03-22,0,1,2
SOUK-AHRAS,41,2020-03-22,0,2,0
TIPAZA,42,2020-03-22,1,1,0
MILA,43,2020-03-22,0,0,0
AIN DEFLA,44,2020-03-22,0,0,0
NAAMA,45,2020-03-22,0,0,0
AIN-TEMOUCHENT,46,2020-03-22,0,0,0
GHARDAIA,47,2020-03-22,0,0,0
RELIZANE,48,2020-03-22,1,1,0
ADRAR,1,2020-03-23,1,2,0
CHLEF,2,2020-03-23,0,1,0
LAGHOUAT,3,2020-03-23,0,0,0
OUM EL BOUAGHI,4,2020-03-23,0,0,0
BATNA,5,2020-03-23,0,0,0
BEJAIA,6,2020-03-23,1,2,1
BISKRA,7,2020-03-23,0,1,0
BECHAR,8,2020-03-23,0,0,0
BLIDA,9,2020-03-23,15,125,8
BOUIRA,10,2020-03-23,0,1,0
TAMENGHASSET,11,2020-03-23,0,0,0
TEBESSA,12,2020-03-23,0,0,0
TLEMCEN,13,2020-03-23,1,1,0
TIARET,14,2020-03-23,0,0,0
TIZI OUZOU,15,2020-03-23,4,11,1
ALGER,16,2020-03-23,21,42,1
DJELFA,17,2020-03-23,0,0,0
JIJEL,18,2020-03-23,0,1,0
SETIF,19,2020-03-23,2,3,0
SAIDA,20,2020-03-23,0,0,0
SKIKDA,21,2020-03-23,0,5,1
SIDI BEL ABBES,22,2020-03-23,0,1,0
ANNABA,23,2020-03-23,0,5,0
GUELMA,24,2020-03-23,0,2,0
CONSTANTINE,25,2020-03-23,0,1,0
MEDEA,26,2020-03-23,0,2,1
MOSTAGANEM,27,2020-03-23,0,1,0
M'SILA,28,2020-03-23,0,0,0
MASCARA,29,2020-03-23,0,2,0
OUARGLA,30,2020-03-23,0,1,0
ORAN,31,2020-03-23,0,8,0
EL BAYADH,32,2020-03-23,0,0,0
ILLIZI,33,2020-03-23,0,0,0
BORDJ BOU ARRERIDJ,34,2020-03-23,0,2,0
BOUMERDES,35,2020-03-23,0,1,0
EL-TARF,36,2020-03-23,0,0,0
TINDOUF,37,2020-03-23,0,0,0
TISSEMSILT,38,2020-03-23,0,1,0
EL OUED,39,2020-03-23,1,4,2
KHENCHELA,40,2020-03-23,1,2,2
SOUK-AHRAS,41,2020-03-23,0,2,0
TIPAZA,42,2020-03-23,1,2,0
MILA,43,2020-03-23,0,0,0
AIN DEFLA,44,2020-03-23,0,0,0
NAAMA,45,2020-03-23,0,0,0
AIN-TEMOUCHENT,46,2020-03-23,1,1,0
GHARDAIA,47,2020-03-23,0,0,0
RELIZANE,48,2020-03-23,0,1,0
ADRAR,1,2020-03-24,0,2,0
CHLEF,2,2020-03-24,0,1,0
LAGHOUAT,3,2020-03-24,0,0,0
OUM EL BOUAGHI,4,2020-03-24,0,0,0
BATNA,5,2020-03-24,0,0,0
BEJAIA,6,2020-03-24,0,2,1
BISKRA,7,2020-03-24,0,1,0
BECHAR,8,2020-03-24,0,0,0
BLIDA,9,2020-03-24,18,143,8
BOUIRA,10,2020-03-24,0,1,0
TAMENGHASSET,11,2020-03-24,0,0,0
TEBESSA,12,2020-03-24,0,0,0
TLEMCEN,13,2020-03-24,0,1,0
TIARET,14,2020-03-24,0,0,0
TIZI OUZOU,15,2020-03-24,0,11,2
ALGER,16,2020-03-24,0,42,1
DJELFA,17,2020-03-24,0,0,0
JIJEL,18,2020-03-24,0,1,0
SETIF,19,2020-03-24,0,3,0
SAIDA,20,2020-03-24,0,0,0
SKIKDA,21,2020-03-24,0,5,1
SIDI BEL ABBES,22,2020-03-24,0,1,0
ANNABA,23,2020-03-24,0,5,0
GUELMA,24,2020-03-24,0,2,0
CONSTANTINE,25,2020-03-24,0,1,0
MEDEA,26,2020-03-24,3,5,1
MOSTAGANEM,27,2020-03-24,0,1,0
M'SILA,28,2020-03-24,0,0,0
MASCARA,29,2020-03-24,0,2,0
OUARGLA,30,2020-03-24,0,1,0
ORAN,31,2020-03-24,0,8,0
EL BAYADH,32,2020-03-24,0,0,0
ILLIZI,33,2020-03-24,0,0,0
BORDJ BOU ARRERIDJ,34,2020-03-24,0,2,0
BOUMERDES,35,2020-03-24,2,3,2
EL-TARF,36,2020-03-24,0,0,0
TINDOUF,37,2020-03-24,0,0,0
TISSEMSILT,38,2020-03-24,0,1,0
EL OUED,39,2020-03-24,0,4,2
KHENCHELA,40,2020-03-24,0,2,2
SOUK-AHRAS,41,2020-03-24,0,1,0
TIPAZA,42,2020-03-24,0,2,0
MILA,43,2020-03-24,0,0,0
AIN DEFLA,44,2020-03-24,1,1,0
NAAMA,45,2020-03-24,0,0,0
AIN-TEMOUCHENT,46,2020-03-24,0,1,0
GHARDAIA,47,2020-03-24,0,0,0
RELIZANE,48,2020-03-24,0,1,0
ADRAR,1,2020-03-25,0,2,0
CHLEF,2,2020-03-25,0,1,0
LAGHOUAT,3,2020-03-25,1,1,0
OUM EL BOUAGHI,4,2020-03-25,0,0,0
BATNA,5,2020-03-25,0,0,0
BEJAIA,6,2020-03-25,0,2,1
BISKRA,7,2020-03-25,0,1,0
BECHAR,8,2020-03-25,0,0,0
BLIDA,9,2020-03-25,7,150,8
BOUIRA,10,2020-03-25,0,1,0
TAMENGHASSET,11,2020-03-25,0,0,0
TEBESSA,12,2020-03-25,0,0,0
TLEMCEN,13,2020-03-25,0,1,0
TIARET,14,2020-03-25,0,0,0
TIZI OUZOU,15,2020-03-25,0,11,2
ALGER,16,2020-03-25,0,42,1
DJELFA,17,2020-03-25,0,0,0
JIJEL,18,2020-03-25,0,1,0
SETIF,19,2020-03-25,0,3,0
SAIDA,20,2020-03-25,0,0,0
SKIKDA,21,2020-03-25,0,5,1
SIDI BEL ABBES,22,2020-03-25,0,1,0
ANNABA,23,2020-03-25,0,5,0
GUELMA,24,2020-03-25,0,2,0
CONSTANTINE,25,2020-03-25,0,1,1
MEDEA,26,2020-03-25,0,5,1
MOSTAGANEM,27,2020-03-25,0,1,0
M'SILA,28,2020-03-25,0,0,0
MASCARA,29,2020-03-25,0,2,0
OUARGLA,30,2020-03-25,0,1,0
ORAN,31,2020-03-25,0,8,0
EL BAYADH,32,2020-03-25,0,0,0
ILLIZI,33,2020-03-25,0,0,0
BORDJ BOU ARRERIDJ,34,2020-03-25,0,2,0
BOUMERDES,35,2020-03-25,0,3,2
EL-TARF,36,2020-03-25,0,0,0
TINDOUF,37,2020-03-25,0,0,0
TISSEMSILT,38,2020-03-25,0,1,0
EL OUED,39,2020-03-25,0,4,2
KHENCHELA,40,2020-03-25,0,2,2
SOUK-AHRAS,41,2020-03-25,0,1,0
TIPAZA,42,2020-03-25,0,2,1
MILA,43,2020-03-25,0,0,0
AIN DEFLA,44,2020-03-25,0,1,0
NAAMA,45,2020-03-25,0,0,0
AIN-TEMOUCHENT,46,2020-03-25,0,1,0
GHARDAIA,47,2020-03-25,0,0,0
RELIZANE,48,2020-03-25,0,1,0
ADRAR,1,2020-03-26,0,2,0
CHLEF,2,2020-03-26,0,1,0
LAGHOUAT,3,2020-03-26,0,1,0
OUM EL BOUAGHI,4,2020-03-26,2,2,0
BATNA,5,2020-03-26,1,1,0
BEJAIA,6,2020-03-26,3,5,1
BISKRA,7,2020-03-26,0,1,0
BECHAR,8,2020-03-26,0,0,0
BLIDA,9,2020-03-26,26,176,9
BOUIRA,10,2020-03-26,2,3,0
TAMENGHASSET,11,2020-03-26,0,0,0
TEBESSA,12,2020-03-26,0,0,0
TLEMCEN,13,2020-03-26,6,7,0
TIARET,14,2020-03-26,0,0,0
TIZI OUZOU,15,2020-03-26,3,14,3
ALGER,16,2020-03-26,22,64,3
DJELFA,17,2020-03-26,1,1,0
JIJEL,18,2020-03-26,1,2,0
SETIF,19,2020-03-26,4,7,0
SAIDA,20,2020-03-26,0,0,0
SKIKDA,21,2020-03-26,1,6,0
SIDI BEL ABBES,22,2020-03-26,0,1,0
ANNABA,23,2020-03-26,1,6,0
GUELMA,24,2020-03-26,0,2,0
CONSTANTINE,25,2020-03-26,2,3,3
MEDEA,26,2020-03-26,1,5,1
MOSTAGANEM,27,2020-03-26,1,2,0
M'SILA,28,2020-03-26,0,0,0
MASCARA,29,2020-03-26,1,3,0
OUARGLA,30,2020-03-26,0,1,0
ORAN,31,2020-03-26,8,16,0
EL BAYADH,32,2020-03-26,0,0,0
ILLIZI,33,2020-03-26,0,0,0
BORDJ BOU ARRERIDJ,34,2020-03-26,3,5,0
BOUMERDES,35,2020-03-26,1,4,1
EL-TARF,36,2020-03-26,2,2,0
TINDOUF,37,2020-03-26,0,0,0
TISSEMSILT,38,2020-03-26,0,1,0
EL OUED,39,2020-03-26,1,5,2
KHENCHELA,40,2020-03-26,0,2,1
SOUK-AHRAS,41,2020-03-26,1,2,0
TIPAZA,42,2020-03-26,7,9,1
MILA,43,2020-03-26,0,0,0
AIN DEFLA,44,2020-03-26,0,1,0
NAAMA,45,2020-03-26,0,0,0
AIN-TEMOUCHENT,46,2020-03-26,0,1,0
GHARDAIA,47,2020-03-26,1,1,0
RELIZANE,48,2020-03-26,1,2,0
ADRAR,1,2020-03-27,0,2,0
CHLEF,2,2020-03-27,0,1,0
LAGHOUAT,3,2020-03-27,0,1,0
OUM EL BOUAGHI,4,2020-03-27,0,2,0
BATNA,5,2020-03-27,0,1,0
BEJAIA,6,2020-03-27,0,5,1
BISKRA,7,2020-03-27,0,1,0
BECHAR,8,2020-03-27,0,0,0
BLIDA,9,2020-03-27,0,176,9
BOUIRA,10,2020-03-27,0,3,0
TAMENGHASSET,11,2020-03-27,0,0,0
TEBESSA,12,2020-03-27,0,0,0
TLEMCEN,13,2020-03-27,0,7,0
TIARET,14,2020-03-27,0,0,0
TIZI OUZOU,15,2020-03-27,0,14,3
ALGER,16,2020-03-27,0,64,3
DJELFA,17,2020-03-27,0,1,0
JIJEL,18,2020-03-27,0,2,0
SETIF,19,2020-03-27,0,7,0
SAIDA,20,2020-03-27,0,0,0
SKIKDA,21,2020-03-27,0,6,0
SIDI BEL ABBES,22,2020-03-27,1,2,0
ANNABA,23,2020-03-27,0,6,0
GUELMA,24,2020-03-27,0,2,0
CONSTANTINE,25,2020-03-27,0,3,3
MEDEA,26,2020-03-27,0,5,1
MOSTAGANEM,27,2020-03-27,0,2,0
M'SILA,28,2020-03-27,0,0,0
MASCARA,29,2020-03-27,0,3,0
OUARGLA,30,2020-03-27,0,1,0
ORAN,31,2020-03-27,0,16,0
EL BAYADH,32,2020-03-27,0,0,0
ILLIZI,33,2020-03-27,0,0,0
BORDJ BOU ARRERIDJ,34,2020-03-27,1,6,1
BOUMERDES,35,2020-03-27,0,4,1
EL-TARF,36,2020-03-27,0,2,0
TINDOUF,37,2020-03-27,0,0,0
TISSEMSILT,38,2020-03-27,0,1,0
EL OUED,39,2020-03-27,0,5,2
KHENCHELA,40,2020-03-27,0,2,1
SOUK-AHRAS,41,2020-03-27,0,2,0
TIPAZA,42,2020-03-27,0,9,1
MILA,43,2020-03-27,0,0,0
AIN DEFLA,44,2020-03-27,0,1,0
NAAMA,45,2020-03-27,0,0,0
AIN-TEMOUCHENT,46,2020-03-27,0,1,0
GHARDAIA,47,2020-03-27,0,1,0
RELIZANE,48,2020-03-27,0,2,0
ADRAR,1,2020-03-28,0,2,0
CHLEF,2,2020-03-28,0,1,0
LAGHOUAT,3,2020-03-28,0,1,0
OUM EL BOUAGHI,4,2020-03-28,0,2,0
BATNA,5,2020-03-28,0,1,0
BEJAIA,6,2020-03-28,0,5,1
BISKRA,7,2020-03-28,0,1,0
BECHAR,8,2020-03-28,0,0,0
BLIDA,9,2020-03-28,16,192,9
BOUIRA,10,2020-03-28,0,3,0
TAMENGHASSET,11,2020-03-28,0,0,0
TEBESSA,12,2020-03-28,0,0,0
TLEMCEN,13,2020-03-28,0,7,0
TIARET,14,2020-03-28,0,0,0
TIZI OUZOU,15,2020-03-28,0,14,3
ALGER,16,2020-03-28,1,65,4
DJELFA,17,2020-03-28,0,1,0
JIJEL,18,2020-03-28,0,2,0
SETIF,19,2020-03-28,0,7,0
SAIDA,20,2020-03-28,0,0,0
SKIKDA,21,2020-03-28,0,6,0
SIDI BEL ABBES,22,2020-03-28,0,2,0
ANNABA,23,2020-03-28,0,6,0
GUELMA,24,2020-03-28,0,2,0
CONSTANTINE,25,2020-03-28,0,3,3
MEDEA,26,2020-03-28,2,6,2
MOSTAGANEM,27,2020-03-28,1,3,1
M'SILA,28,2020-03-28,0,0,0
MASCARA,29,2020-03-28,0,3,0
OUARGLA,30,2020-03-28,0,1,0
ORAN,31,2020-03-28,0,16,0
EL BAYADH,32,2020-03-28,0,0,0
ILLIZI,33,2020-03-28,0,0,0
BORDJ BOU ARRERIDJ,34,2020-03-28,0,6,1
BOUMERDES,35,2020-03-28,0,4,1
EL-TARF,36,2020-03-28,0,2,0
TINDOUF,37,2020-03-28,0,0,0
TISSEMSILT,38,2020-03-28,0,1,0
EL OUED,39,2020-03-28,0,5,2
KHENCHELA,40,2020-03-28,0,2,1
SOUK-AHRAS,41,2020-03-28,0,2,0
TIPAZA,42,2020-03-28,0,9,1
MILA,43,2020-03-28,0,0,0
AIN DEFLA,44,2020-03-28,0,1,0
NAAMA,45,2020-03-28,0,0,0
AIN-TEMOUCHENT,46,2020-03-28,0,1,0
GHARDAIA,47,2020-03-28,0,1,0
RELIZANE,48,2020-03-28,0,2,0
ADRAR,1,2020-03-29,0,2,0
CHLEF,2,2020-03-29,0,1,0
LAGHOUAT,3,2020-03-29,0,1,0
OUM EL BOUAGHI,4,2020-03-29,0,2,0
BATNA,5,2020-03-29,1,2,0
BEJAIA,6,2020-03-29,0,5,1
BISKRA,7,2020-03-29,0,1,0
BECHAR,8,2020-03-29,0,0,0
BLIDA,9,2020-03-29,0,192,9
BOUIRA,10,2020-03-29,0,3,0
TAMENGHASSET,11,2020-03-29,0,0,0
TEBESSA,12,2020-03-29,0,0,0
TLEMCEN,13,2020-03-29,0,7,0
TIARET,14,2020-03-29,0,0,0
TIZI OUZOU,15,2020-03-29,0,14,4
ALGER,16,2020-03-29,0,65,4
DJELFA,17,2020-03-29,0,1,0
JIJEL,18,2020-03-29,0,2,0
SETIF,19,2020-03-29,0,7,0
SAIDA,20,2020-03-29,0,0,0
SKIKDA,21,2020-03-29,0,6,0
SIDI BEL ABBES,22,2020-03-29,0,2,0
ANNABA,23,2020-03-29,0,6,0
GUELMA,24,2020-03-29,0,2,0
CONSTANTINE,25,2020-03-29,0,3,3
MEDEA,26,2020-03-29,0,6,2
MOSTAGANEM,27,2020-03-29,0,3,1
M'SILA,28,2020-03-29,0,0,0
MASCARA,29,2020-03-29,0,3,0
OUARGLA,30,2020-03-29,0,1,0
ORAN,31,2020-03-29,0,16,0
EL BAYADH,32,2020-03-29,0,0,0
ILLIZI,33,2020-03-29,0,0,0
BORDJ BOU ARRERIDJ,34,2020-03-29,2,8,1
BOUMERDES,35,2020-03-29,0,4,1
EL-TARF,36,2020-03-29,0,2,0
TINDOUF,37,2020-03-29,0,0,0
TISSEMSILT,38,2020-03-29,0,1,0
EL OUED,39,2020-03-29,0,5,2
KHENCHELA,40,2020-03-29,0,2,1
SOUK-AHRAS,41,2020-03-29,0,2,0
TIPAZA,42,2020-03-29,0,9,1
MILA,43,2020-03-29,0,0,0
AIN DEFLA,44,2020-03-29,1,2,1
NAAMA,45,2020-03-29,0,0,0
AIN-TEMOUCHENT,46,2020-03-29,0,1,0
GHARDAIA,47,2020-03-29,0,1,0
RELIZANE,48,2020-03-29,0,2,0
ADRAR,1,2020-03-30,0,2,0
CHLEF,2,2020-03-30,0,1,0
LAGHOUAT,3,2020-03-30,0,1,0
OUM EL BOUAGHI,4,2020-03-30,0,2,0
BATNA,5,2020-03-30,5,7,1
BEJAIA,6,2020-03-30,0,5,2
BISKRA,7,2020-03-30,0,1,0
BECHAR,8,2020-03-30,0,0,0
BLIDA,9,2020-03-30,28,220,10
BOUIRA,10,2020-03-30,0,3,0
TAMENGHASSET,11,2020-03-30,0,0,0
TEBESSA,12,2020-03-30,0,0,0
TLEMCEN,13,2020-03-30,0,7,0
TIARET,14,2020-03-30,0,0,0
TIZI OUZOU,15,2020-03-30,1,15,4
ALGER,16,2020-03-30,0,65,4
DJELFA,17,2020-03-30,0,1,0
JIJEL,18,2020-03-30,0,2,0
SETIF,19,2020-03-30,0,7,0
SAIDA,20,2020-03-30,0,0,0
SKIKDA,21,2020-03-30,0,6,0
SIDI BEL ABBES,22,2020-03-30,0,2,0
ANNABA,23,2020-03-30,0,6,0
GUELMA,24,2020-03-30,0,2,0
CONSTANTINE,25,2020-03-30,0,3,3
MEDEA,26,2020-03-30,0,6,2
MOSTAGANEM,27,2020-03-30,0,3,1
M'SILA,28,2020-03-30,0,0,0
MASCARA,29,2020-03-30,0,3,0
OUARGLA,30,2020-03-30,0,1,0
ORAN,31,2020-03-30,0,16,2
EL BAYADH,32,2020-03-30,0,0,0
ILLIZI,33,2020-03-30,0,0,0
BORDJ BOU ARRERIDJ,34,2020-03-30,0,8,1
BOUMERDES,35,2020-03-30,0,4,1
EL-TARF,36,2020-03-30,0,2,0
TINDOUF,37,2020-03-30,0,0,0
TISSEMSILT,38,2020-03-30,0,1,0
EL OUED,39,2020-03-30,0,5,2
KHENCHELA,40,2020-03-30,0,2,1
SOUK-AHRAS,41,2020-03-30,0,2,0
TIPAZA,42,2020-03-30,0,9,1
MILA,43,2020-03-30,0,0,0
AIN DEFLA,44,2020-03-30,0,2,1
NAAMA,45,2020-03-30,0,0,0
AIN-TEMOUCHENT,46,2020-03-30,0,1,0
GHARDAIA,47,2020-03-30,0,1,0
RELIZANE,48,2020-03-30,0,2,0
ADRAR,1,2020-03-31,0,2,0
CHLEF,2,2020-03-31,6,7,0
LAGHOUAT,3,2020-03-31,0,1,0
OUM EL BOUAGHI,4,2020-03-31,0,2,0
BATNA,5,2020-03-31,1,8,0
BEJAIA,6,2020-03-31,21,26,2
BISKRA,7,2020-03-31,1,2,0
BECHAR,8,2020-03-31,0,0,0
BLIDA,9,2020-03-31,74,294,14
BOUIRA,10,2020-03-31,3,6,0
TAMENGHASSET,11,2020-03-31,0,0,0
TEBESSA,12,2020-03-31,0,0,0
TLEMCEN,13,2020-03-31,5,12,0
TIARET,14,2020-03-31,0,0,0
TIZI OUZOU,15,2020-03-31,14,29,4
ALGER,16,2020-03-31,60,125,4
DJELFA,17,2020-03-31,1,2,0
JIJEL,18,2020-03-31,2,4,0
SETIF,19,2020-03-31,12,19,2
SAIDA,20,2020-03-31,0,0,0
SKIKDA,21,2020-03-31,2,8,0
SIDI BEL ABBES,22,2020-03-31,4,6,0
ANNABA,23,2020-03-31,0,6,0
GUELMA,24,2020-03-31,1,3,0
CONSTANTINE,25,2020-03-31,5,8,3
MEDEA,26,2020-03-31,11,17,2
MOSTAGANEM,27,2020-03-31,5,8,1
M'SILA,28,2020-03-31,1,1,0
MASCARA,29,2020-03-31,4,7,0
OUARGLA,30,2020-03-31,0,1,0
ORAN,31,2020-03-31,28,44,3
EL BAYADH,32,2020-03-31,0,0,0
ILLIZI,33,2020-03-31,1,1,0
BORDJ BOU ARRERIDJ,34,2020-03-31,3,11,2
BOUMERDES,35,2020-03-31,5,9,1
EL-TARF,36,2020-03-31,2,4,0
TINDOUF,37,2020-03-31,0,0,0
TISSEMSILT,38,2020-03-31,1,2,0
EL OUED,39,2020-03-31,2,7,2
KHENCHELA,40,2020-03-31,0,2,1
SOUK-AHRAS,41,2020-03-31,1,3,0
TIPAZA,42,2020-03-31,9,18,2
MILA,43,2020-03-31,0,0,0
AIN DEFLA,44,2020-03-31,11,13,1
NAAMA,45,2020-03-31,0,0,0
AIN-TEMOUCHENT,46,2020-03-31,1,2,0
GHARDAIA,47,2020-03-31,0,1,0
RELIZANE,48,2020-03-31,0,2,0
ADRAR,1,2020-04-01,1,3,0
CHLEF,2,2020-04-01,1,8,0
LAGHOUAT,3,2020-04-01,0,1,0
OUM EL BOUAGHI,4,2020-04-01,2,4,1
BATNA,5,2020-04-01,0,8,0
BEJAIA,6,2020-04-01,3,29,2
BISKRA,7,2020-04-01,0,2,0
BECHAR,8,2020-04-01,0,0,0
BLIDA,9,2020-04-01,48,342,17
BOUIRA,10,2020-04-01,1,7,0
TAMENGHASSET,11,2020-04-01,0,0,0
TEBESSA,12,2020-04-01,0,0,0
TLEMCEN,13,2020-04-01,1,13,0
TIARET,14,2020-04-01,0,0,0
TIZI OUZOU,15,2020-04-01,2,31,5
ALGER,16,2020-04-01,11,136,9
DJELFA,17,2020-04-01,3,5,0
JIJEL,18,2020-04-01,7,11,0
SETIF,19,2020-04-01,4,23,2
SAIDA,20,2020-04-01,0,0,0
SKIKDA,21,2020-04-01,4,12,0
SIDI BEL ABBES,22,2020-04-01,2,8,0
ANNABA,23,2020-04-01,0,6,0
GUELMA,24,2020-04-01,0,3,0
CONSTANTINE,25,2020-04-01,3,11,3
MEDEA,26,2020-04-01,4,21,3
MOSTAGANEM,27,2020-04-01,2,10,1
M'SILA,28,2020-04-01,0,1,0
MASCARA,29,2020-04-01,2,9,0
OUARGLA,30,2020-04-01,1,2,0
ORAN,31,2020-04-01,4,48,3
EL BAYADH,32,2020-04-01,0,0,0
ILLIZI,33,2020-04-01,0,1,0
BORDJ BOU ARRERIDJ,34,2020-04-01,0,11,2
BOUMERDES,35,2020-04-01,1,10,1
EL-TARF,36,2020-04-01,0,4,0
TINDOUF,37,2020-04-01,0,0,0
TISSEMSILT,38,2020-04-01,0,2,0
EL OUED,39,2020-04-01,9,16,2
KHENCHELA,40,2020-04-01,0,2,1
SOUK-AHRAS,41,2020-04-01,1,4,0
TIPAZA,42,2020-04-01,3,21,2
MILA,43,2020-04-01,0,0,0
AIN DEFLA,44,2020-04-01,2,15,1
NAAMA,45,2020-04-01,0,0,0
AIN-TEMOUCHENT,46,2020-04-01,3,5,1
GHARDAIA,47,2020-04-01,1,2,1
RELIZANE,48,2020-04-01,2,3,1
ADRAR,1,2020-04-02,0,3,0
CHLEF,2,2020-04-02,2,10,0
LAGHOUAT,3,2020-04-02,0,1,0
OUM EL BOUAGHI,4,2020-04-02,0,4,2
BATNA,5,2020-04-02,6,12,1
BEJAIA,6,2020-04-02,7,36,2
BISKRA,7,2020-04-02,0,2,0
BECHAR,8,2020-04-02,0,0,0
BLIDA,9,2020-04-02,43,385,22
BOUIRA,10,2020-04-02,2,9,0
TAMENGHASSET,11,2020-04-02,0,0,0
TEBESSA,12,2020-04-02,0,0,0
TLEMCEN,13,2020-04-02,3,16,0
TIARET,14,2020-04-02,1,1,1
TIZI OUZOU,15,2020-04-02,9,40,5
ALGER,16,2020-04-02,18,154,14
DJELFA,17,2020-04-02,2,7,0
JIJEL,18,2020-04-02,0,11,0
SETIF,19,2020-04-02,2,25,8
SAIDA,20,2020-04-02,0,0,0
SKIKDA,21,2020-04-02,1,13,0
SIDI BEL ABBES,22,2020-04-02,1,9,0
ANNABA,23,2020-04-02,1,7,0
GUELMA,24,2020-04-02,0,3,0
CONSTANTINE,25,2020-04-02,0,11,3
MEDEA,26,2020-04-02,1,22,7
MOSTAGANEM,27,2020-04-02,10,20,1
M'SILA,28,2020-04-02,0,1,0
MASCARA,29,2020-04-02,1,10,0
OUARGLA,30,2020-04-02,0,2,0
ORAN,31,2020-04-02,14,62,3
EL BAYADH,32,2020-04-02,0,0,0
ILLIZI,33,2020-04-02,0,1,0
BORDJ BOU ARRERIDJ,34,2020-04-02,1,12,2
BOUMERDES,35,2020-04-02,1,11,2
EL-TARF,36,2020-04-02,0,4,0
TINDOUF,37,2020-04-02,0,0,0
TISSEMSILT,38,2020-04-02,1,2,0
EL OUED,39,2020-04-02,0,16,2
KHENCHELA,40,2020-04-02,0,2,1
SOUK-AHRAS,41,2020-04-02,0,4,0
TIPAZA,42,2020-04-02,6,27,5
MILA,43,2020-04-02,0,0,0
AIN DEFLA,44,2020-04-02,5,20,2
NAAMA,45,2020-04-02,0,0,0
AIN-TEMOUCHENT,46,2020-04-02,0,5,1
GHARDAIA,47,2020-04-02,0,2,1
RELIZANE,48,2020-04-02,2,5,1
ADRAR,1,2020-04-03,0,3,0
CHLEF,2,2020-04-03,0,15,0
LAGHOUAT,3,2020-04-03,0,1,0
OUM EL BOUAGHI,4,2020-04-03,1,6,2
BATNA,5,2020-04-03,2,12,1
BEJAIA,6,2020-04-03,4,47,2
BISKRA,7,2020-04-03,0,6,1
BECHAR,8,2020-04-03,0,1,0
BLIDA,9,2020-04-03,15,432,25
BOUIRA,10,2020-04-03,0,10,0
TAMENGHASSET,11,2020-04-03,0,0,0
TEBESSA,12,2020-04-03,2,1,1
TLEMCEN,13,2020-04-03,1,31,0
TIARET,14,2020-04-03,0,1,1
TIZI OUZOU,15,2020-04-03,1,39,5
ALGER,16,2020-04-03,24,183,26
DJELFA,17,2020-04-03,3,8,1
JIJEL,18,2020-04-03,2,15,0
SETIF,19,2020-04-03,4,43,7
SAIDA,20,2020-04-03,0,0,0
SKIKDA,21,2020-04-03,0,17,0
SIDI BEL ABBES,22,2020-04-03,0,10,0
ANNABA,23,2020-04-03,1,8,0
GUELMA,24,2020-04-03,0,3,0
CONSTANTINE,25,2020-04-03,5,12,3
MEDEA,26,2020-04-03,3,22,7
MOSTAGANEM,27,2020-04-03,0,21,1
M'SILA,28,2020-04-03,0,2,1
MASCARA,29,2020-04-03,0,15,0
OUARGLA,30,2020-04-03,0,2,0
ORAN,31,2020-04-03,1,64,3
EL BAYADH,32,2020-04-03,0,0,0
ILLIZI,33,2020-04-03,0,1,0
BORDJ BOU ARRERIDJ,34,2020-04-03,4,21,3
BOUMERDES,35,2020-04-03,2,14,2
EL-TARF,36,2020-04-03,0,4,0
TINDOUF,37,2020-04-03,0,0,0
TISSEMSILT,38,2020-04-03,0,2,0
EL OUED,39,2020-04-03,0,16,3
KHENCHELA,40,2020-04-03,1,2,1
SOUK-AHRAS,41,2020-04-03,0,6,0
TIPAZA,42,2020-04-03,2,32,3
MILA,43,2020-04-03,1,0,0
AIN DEFLA,44,2020-04-03,0,28,3
NAAMA,45,2020-04-03,0,0,0
AIN-TEMOUCHENT,46,2020-04-03,1,6,1
GHARDAIA,47,2020-04-03,0,2,1
RELIZANE,48,2020-04-03,0,7,1
ADRAR,1,2020-04-04,1,3,0
CHLEF,2,2020-04-04,3,15,0
LAGHOUAT,3,2020-04-04,1,1,0
OUM EL BOUAGHI,4,2020-04-04,2,7,2
BATNA,5,2020-04-04,0,14,2
BEJAIA,6,2020-04-04,5,51,2
BISKRA,7,2020-04-04,0,6,1
BECHAR,8,2020-04-04,5,1,0
BLIDA,9,2020-04-04,9,447,34
BOUIRA,10,2020-04-04,1,10,0
TAMENGHASSET,11,2020-04-04,0,0,0
TEBESSA,12,2020-04-04,2,3,1
TLEMCEN,13,2020-04-04,3,32,2
TIARET,14,2020-04-04,0,1,1
TIZI OUZOU,15,2020-04-04,1,40,5
ALGER,16,2020-04-04,13,207,32
DJELFA,17,2020-04-04,0,11,1
JIJEL,18,2020-04-04,0,17,0
SETIF,19,2020-04-04,3,47,7
SAIDA,20,2020-04-04,0,0,0
SKIKDA,21,2020-04-04,0,17,0
SIDI BEL ABBES,22,2020-04-04,0,10,0
ANNABA,23,2020-04-04,0,9,0
GUELMA,24,2020-04-04,0,3,0
CONSTANTINE,25,2020-04-04,0,17,3
MEDEA,26,2020-04-04,1,25,8
MOSTAGANEM,27,2020-04-04,0,21,1
M'SILA,28,2020-04-04,1,2,2
MASCARA,29,2020-04-04,0,15,0
OUARGLA,30,2020-04-04,1,2,0
ORAN,31,2020-04-04,9,65,3
EL BAYADH,32,2020-04-04,0,0,0
ILLIZI,33,2020-04-04,1,1,0
BORDJ BOU ARRERIDJ,34,2020-04-04,2,25,3
BOUMERDES,35,2020-04-04,0,16,3
EL-TARF,36,2020-04-04,0,4,0
TINDOUF,37,2020-04-04,0,0,0
TISSEMSILT,38,2020-04-04,0,2,0
EL OUED,39,2020-04-04,0,16,3
KHENCHELA,40,2020-04-04,0,3,1
SOUK-AHRAS,41,2020-04-04,0,6,1
TIPAZA,42,2020-04-04,2,34,4
MILA,43,2020-04-04,0,1,0
AIN DEFLA,44,2020-04-04,0,28,4
NAAMA,45,2020-04-04,0,0,0
AIN-TEMOUCHENT,46,2020-04-04,1,7,2
GHARDAIA,47,2020-04-04,0,2,1
RELIZANE,48,2020-04-04,2,7,1
ADRAR,1,2020-04-05,0,4,1
CHLEF,2,2020-04-05,7,18,1
LAGHOUAT,3,2020-04-05,1,2,0
OUM EL BOUAGHI,4,2020-04-05,2,9,2
BATNA,5,2020-04-05,0,14,2
BEJAIA,6,2020-04-05,6,56,2
BISKRA,7,2020-04-05,3,6,1
BECHAR,8,2020-04-05,0,6,0
BLIDA,9,2020-04-05,18,456,40
BOUIRA,10,2020-04-05,0,11,0
TAMENGHASSET,11,2020-04-05,0,0,0
TEBESSA,12,2020-04-05,0,5,2
TLEMCEN,13,2020-04-05,2,35,2
TIARET,14,2020-04-05,0,1,1
TIZI OUZOU,15,2020-04-05,0,41,6
ALGER,16,2020-04-05,18,220,38
DJELFA,17,2020-04-05,3,11,1
JIJEL,18,2020-04-05,0,17,0
SETIF,19,2020-04-05,8,50,7
SAIDA,20,2020-04-05,0,0,0
SKIKDA,21,2020-04-05,2,17,0
SIDI BEL ABBES,22,2020-04-05,3,10,0
ANNABA,23,2020-04-05,2,9,1
GUELMA,24,2020-04-05,2,3,0
CONSTANTINE,25,2020-04-05,4,17,3
MEDEA,26,2020-04-05,0,26,8
MOSTAGANEM,27,2020-04-05,0,21,1
M'SILA,28,2020-04-05,1,3,2
MASCARA,29,2020-04-05,1,15,0
OUARGLA,30,2020-04-05,1,3,0
ORAN,31,2020-04-05,9,74,3
EL BAYADH,32,2020-04-05,1,0,0
ILLIZI,33,2020-04-05,0,2,0
BORDJ BOU ARRERIDJ,34,2020-04-05,1,27,5
BOUMERDES,35,2020-04-05,1,16,3
EL-TARF,36,2020-04-05,0,4,0
TINDOUF,37,2020-04-05,0,0,0
TISSEMSILT,38,2020-04-05,4,2,0
EL OUED,39,2020-04-05,0,16,3
KHENCHELA,40,2020-04-05,1,3,1
SOUK-AHRAS,41,2020-04-05,0,6,1
TIPAZA,42,2020-04-05,0,36,5
MILA,43,2020-04-05,0,1,0
AIN DEFLA,44,2020-04-05,0,28,5
NAAMA,45,2020-04-05,1,0,0
AIN-TEMOUCHENT,46,2020-04-05,1,8,2
GHARDAIA,47,2020-04-05,0,2,1
RELIZANE,48,2020-04-05,0,9,2
ADRAR,1,2020-04-06,5,4,1
CHLEF,2,2020-04-06,0,25,1
LAGHOUAT,3,2020-04-06,2,3,0
OUM EL BOUAGHI,4,2020-04-06,0,11,3
BATNA,5,2020-04-06,10,14,2
BEJAIA,6,2020-04-06,4,62,3
BISKRA,7,2020-04-06,1,9,2
BECHAR,8,2020-04-06,47,6,0
BLIDA,9,2020-04-06,1,474,42
BOUIRA,10,2020-04-06,0,11,0
TAMENGHASSET,11,2020-04-06,1,0,0
TEBESSA,12,2020-04-06,15,5,2
TLEMCEN,13,2020-04-06,0,37,2
TIARET,14,2020-04-06,0,1,1
TIZI OUZOU,15,2020-04-06,29,41,6
ALGER,16,2020-04-06,1,238,44
DJELFA,17,2020-04-06,4,14,1
JIJEL,18,2020-04-06,18,17,1
SETIF,19,2020-04-06,0,58,7
SAIDA,20,2020-04-06,4,0,0
SKIKDA,21,2020-04-06,1,19,0
SIDI BEL ABBES,22,2020-04-06,1,13,0
ANNABA,23,2020-04-06,0,11,1
GUELMA,24,2020-04-06,1,5,0
CONSTANTINE,25,2020-04-06,0,21,4
MEDEA,26,2020-04-06,1,26,8
MOSTAGANEM,27,2020-04-06,1,22,1
M'SILA,28,2020-04-06,5,4,2
MASCARA,29,2020-04-06,0,16,0
OUARGLA,30,2020-04-06,2,4,1
ORAN,31,2020-04-06,0,83,6
EL BAYADH,32,2020-04-06,0,1,0
ILLIZI,33,2020-04-06,9,2,0
BORDJ BOU ARRERIDJ,34,2020-04-06,3,28,7
BOUMERDES,35,2020-04-06,0,17,3
EL-TARF,36,2020-04-06,0,4,0
TINDOUF,37,2020-04-06,0,0,0
TISSEMSILT,38,2020-04-06,0,6,2
EL OUED,39,2020-04-06,0,16,3
KHENCHELA,40,2020-04-06,2,4,1
SOUK-AHRAS,41,2020-04-06,5,6,1
TIPAZA,42,2020-04-06,0,36,5
MILA,43,2020-04-06,8,1,0
AIN DEFLA,44,2020-04-06,0,28,5
NAAMA,45,2020-04-06,2,1,0
AIN-TEMOUCHENT,46,2020-04-06,0,8,2
GHARDAIA,47,2020-04-06,2,2,1
RELIZANE,48,2020-04-06,0,9,2
ADRAR,1,2020-04-07,0,4,1
CHLEF,2,2020-04-07,0,25,1
LAGHOUAT,3,2020-04-07,0,3,0
OUM EL BOUAGHI,4,2020-04-07,0,11,3
BATNA,5,2020-04-07,0,14,3
BEJAIA,6,2020-04-07,3,65,4
BISKRA,7,2020-04-07,0,9,2
BECHAR,8,2020-04-07,0,6,0
BLIDA,9,2020-04-07,16,490,53
BOUIRA,10,2020-04-07,0,11,0
TAMENGHASSET,11,2020-04-07,0,0,0
TEBESSA,12,2020-04-07,0,5,2
TLEMCEN,13,2020-04-07,1,38,2
TIARET,14,2020-04-07,0,1,1
TIZI OUZOU,15,2020-04-07,1,42,7
ALGER,16,2020-04-07,13,251,46
DJELFA,17,2020-04-07,2,16,1
JIJEL,18,2020-04-07,0,17,1
SETIF,19,2020-04-07,0,58,8
SAIDA,20,2020-04-07,0,0,0
SKIKDA,21,2020-04-07,1,20,0
SIDI BEL ABBES,22,2020-04-07,0,13,0
ANNABA,23,2020-04-07,0,11,1
GUELMA,24,2020-04-07,0,5,0
CONSTANTINE,25,2020-04-07,0,21,4
MEDEA,26,2020-04-07,0,26,8
MOSTAGANEM,27,2020-04-07,1,23,2
M'SILA,28,2020-04-07,0,4,2
MASCARA,29,2020-04-07,0,16,0
OUARGLA,30,2020-04-07,0,4,1
ORAN,31,2020-04-07,3,86,6
EL BAYADH,32,2020-04-07,0,1,0
ILLIZI,33,2020-04-07,0,2,0
BORDJ BOU ARRERIDJ,34,2020-04-07,2,30,8
BOUMERDES,35,2020-04-07,0,17,4
EL-TARF,36,2020-04-07,0,4,0
TINDOUF,37,2020-04-07,0,0,0
TISSEMSILT,38,2020-04-07,0,6,2
EL OUED,39,2020-04-07,0,16,3
KHENCHELA,40,2020-04-07,0,4,1
SOUK-AHRAS,41,2020-04-07,0,6,1
TIPAZA,42,2020-04-07,1,37,5
MILA,43,2020-04-07,1,2,0
AIN DEFLA,44,2020-04-07,0,28,5
NAAMA,45,2020-04-07,0,1,0
AIN-TEMOUCHENT,46,2020-04-07,0,8,2
GHARDAIA,47,2020-04-07,0,2,1
RELIZANE,48,2020-04-07,0,9,2
ADRAR,1,2020-04-08,0,4,1
CHLEF,2,2020-04-08,0,25,1
LAGHOUAT,3,2020-04-08,0,3,0
OUM EL BOUAGHI,4,2020-04-08,0,11,3
BATNA,5,2020-04-08,2,16,3
BEJAIA,6,2020-04-08,4,69,6
BISKRA,7,2020-04-08,1,10,2
BECHAR,8,2020-04-08,2,8,0
BLIDA,9,2020-04-08,4,494,58
BOUIRA,10,2020-04-08,0,11,0
TAMENGHASSET,11,2020-04-08,0,0,0
TEBESSA,12,2020-04-08,1,6,2
TLEMCEN,13,2020-04-08,0,38,2
TIARET,14,2020-04-08,2,3,1
TIZI OUZOU,15,2020-04-08,1,43,7
ALGER,16,2020-04-08,26,277,49
DJELFA,17,2020-04-08,4,20,1
JIJEL,18,2020-04-08,0,17,1
SETIF,19,2020-04-08,8,66,8
SAIDA,20,2020-04-08,0,0,0
SKIKDA,21,2020-04-08,0,20,0
SIDI BEL ABBES,22,2020-04-08,2,15,0
ANNABA,23,2020-04-08,3,14,1
GUELMA,24,2020-04-08,1,6,0
CONSTANTINE,25,2020-04-08,6,27,5
MEDEA,26,2020-04-08,0,26,8
MOSTAGANEM,27,2020-04-08,4,27,2
M'SILA,28,2020-04-08,4,8,2
MASCARA,29,2020-04-08,1,17,0
OUARGLA,30,2020-04-08,0,4,1
ORAN,31,2020-04-08,8,94,6
EL BAYADH,32,2020-04-08,0,1,0
ILLIZI,33,2020-04-08,0,2,0
BORDJ BOU ARRERIDJ,34,2020-04-08,2,32,8
BOUMERDES,35,2020-04-08,1,18,4
EL-TARF,36,2020-04-08,0,4,0
TINDOUF,37,2020-04-08,0,0,0
TISSEMSILT,38,2020-04-08,6,12,2
EL OUED,39,2020-04-08,0,16,3
KHENCHELA,40,2020-04-08,0,4,1
SOUK-AHRAS,41,2020-04-08,0,6,1
TIPAZA,42,2020-04-08,6,43,6
MILA,43,2020-04-08,0,2,0
AIN DEFLA,44,2020-04-08,4,32,5
NAAMA,45,2020-04-08,0,1,0
AIN-TEMOUCHENT,46,2020-04-08,1,9,2
GHARDAIA,47,2020-04-08,0,2,1
RELIZANE,48,2020-04-08,0,9,2
ADRAR,1,2020-04-09,0,4,1
CHLEF,2,2020-04-09,2,27,1
LAGHOUAT,3,2020-04-09,0,3,0
OUM EL BOUAGHI,4,2020-04-09,4,15,3
BATNA,5,2020-04-09,2,18,4
BEJAIA,6,2020-04-09,5,74,8
BISKRA,7,2020-04-09,0,10,2
BECHAR,8,2020-04-09,2,10,0
BLIDA,9,2020-04-09,14,508,63
BOUIRA,10,2020-04-09,1,12,0
TAMENGHASSET,11,2020-04-09,0,0,0
TEBESSA,12,2020-04-09,0,6,2
TLEMCEN,13,2020-04-09,0,38,2
TIARET,14,2020-04-09,1,4,1
TIZI OUZOU,15,2020-04-09,4,47,7
ALGER,16,2020-04-09,14,291,62
DJELFA,17,2020-04-09,1,21,1
JIJEL,18,2020-04-09,1,18,3
SETIF,19,2020-04-09,10,76,8
SAIDA,20,2020-04-09,0,0,0
SKIKDA,21,2020-04-09,1,21,0
SIDI BEL ABBES,22,2020-04-09,1,16,0
ANNABA,23,2020-04-09,0,14,2
GUELMA,24,2020-04-09,0,6,0
CONSTANTINE,25,2020-04-09,4,31,5
MEDEA,26,2020-04-09,0,26,8
MOSTAGANEM,27,2020-04-09,0,27,2
M'SILA,28,2020-04-09,0,8,3
MASCARA,29,2020-04-09,3,20,2
OUARGLA,30,2020-04-09,0,4,1
ORAN,31,2020-04-09,7,101,8
EL BAYADH,32,2020-04-09,0,1,0
ILLIZI,33,2020-04-09,0,2,0
BORDJ BOU ARRERIDJ,34,2020-04-09,0,32,8
BOUMERDES,35,2020-04-09,1,19,4
EL-TARF,36,2020-04-09,0,4,0
TINDOUF,37,2020-04-09,0,0,0
TISSEMSILT,38,2020-04-09,2,14,2
EL OUED,39,2020-04-09,0,16,4
KHENCHELA,40,2020-04-09,2,6,1
SOUK-AHRAS,41,2020-04-09,0,6,1
TIPAZA,42,2020-04-09,9,52,6
MILA,43,2020-04-09,1,3,0
AIN DEFLA,44,2020-04-09,1,33,5
NAAMA,45,2020-04-09,0,1,0
AIN-TEMOUCHENT,46,2020-04-09,1,10,2
GHARDAIA,47,2020-04-09,0,2,1
RELIZANE,48,2020-04-09,0,9,2
ADRAR,1,2020-04-10,0,4,1
CHLEF,2,2020-04-10,3,30,1
LAGHOUAT,3,2020-04-10,5,8,0
OUM EL BOUAGHI,4,2020-04-10,2,17,3
BATNA,5,2020-04-10,0,18,4
BEJAIA,6,2020-04-10,3,77,8
BISKRA,7,2020-04-10,0,10,3
BECHAR,8,2020-04-10,0,10,0
BLIDA,9,2020-04-10,21,529,69
BOUIRA,10,2020-04-10,1,13,1
TAMENGHASSET,11,2020-04-10,0,0,0
TEBESSA,12,2020-04-10,0,6,2
TLEMCEN,13,2020-04-10,0,38,2
TIARET,14,2020-04-10,0,4,1
TIZI OUZOU,15,2020-04-10,0,47,8
ALGER,16,2020-04-10,19,310,68
DJELFA,17,2020-04-10,0,21,2
JIJEL,18,2020-04-10,3,21,3
SETIF,19,2020-04-10,4,80,8
SAIDA,20,2020-04-10,1,1,0
SKIKDA,21,2020-04-10,0,21,0
SIDI BEL ABBES,22,2020-04-10,1,17,0
ANNABA,23,2020-04-10,0,14,2
GUELMA,24,2020-04-10,0,6,0
CONSTANTINE,25,2020-04-10,2,33,5
MEDEA,26,2020-04-10,0,26,8
MOSTAGANEM,27,2020-04-10,2,29,2
M'SILA,28,2020-04-10,0,8,4
MASCARA,29,2020-04-10,0,20,3
OUARGLA,30,2020-04-10,0,4,1
ORAN,31,2020-04-10,3,104,9
EL BAYADH,32,2020-04-10,0,1,0
ILLIZI,33,2020-04-10,0,2,0
BORDJ BOU ARRERIDJ,34,2020-04-10,5,37,8
BOUMERDES,35,2020-04-10,6,25,5
EL-TARF,36,2020-04-10,0,4,0
TINDOUF,37,2020-04-10,0,0,0
TISSEMSILT,38,2020-04-10,1,15,2
EL OUED,39,2020-04-10,0,16,4
KHENCHELA,40,2020-04-10,0,6,1
SOUK-AHRAS,41,2020-04-10,0,6,1
TIPAZA,42,2020-04-10,3,55,7
MILA,43,2020-04-10,0,3,0
AIN DEFLA,44,2020-04-10,7,40,5
NAAMA,45,2020-04-10,0,1,0
AIN-TEMOUCHENT,46,2020-04-10,3,13,2
GHARDAIA,47,2020-04-10,0,2,1
RELIZANE,48,2020-04-10,0,9,2
ADRAR,1,2020-04-11,0,4,1
CHLEF,2,2020-04-11,1,31,1
LAGHOUAT,3,2020-04-11,0,8,0
OUM EL BOUAGHI,4,2020-04-11,1,18,3
BATNA,5,2020-04-11,3,21,4
BEJAIA,6,2020-04-11,0,77,9
BISKRA,7,2020-04-11,0,10,3
BECHAR,8,2020-04-11,0,10,0
BLIDA,9,2020-04-11,9,538,73
BOUIRA,10,2020-04-11,0,13,1
TAMENGHASSET,11,2020-04-11,0,0,0
TEBESSA,12,2020-04-11,1,7,2
TLEMCEN,13,2020-04-11,0,38,6
TIARET,14,2020-04-11,0,4,1
TIZI OUZOU,15,2020-04-11,2,49,8
ALGER,16,2020-04-11,18,328,71
DJELFA,17,2020-04-11,5,26,2
JIJEL,18,2020-04-11,3,24,3
SETIF,19,2020-04-11,7,87,8
SAIDA,20,2020-04-11,0,1,0
SKIKDA,21,2020-04-11,1,22,0
SIDI BEL ABBES,22,2020-04-11,1,18,0
ANNABA,23,2020-04-11,0,14,2
GUELMA,24,2020-04-11,0,6,0
CONSTANTINE,25,2020-04-11,3,36,5
MEDEA,26,2020-04-11,1,27,8
MOSTAGANEM,27,2020-04-11,0,29,2
M'SILA,28,2020-04-11,0,8,4
MASCARA,29,2020-04-11,0,20,3
OUARGLA,30,2020-04-11,0,4,1
ORAN,31,2020-04-11,1,105,9
EL BAYADH,32,2020-04-11,0,1,0
ILLIZI,33,2020-04-11,0,2,0
BORDJ BOU ARRERIDJ,34,2020-04-11,1,38,8
BOUMERDES,35,2020-04-11,0,25,5
EL-TARF,36,2020-04-11,0,4,0
TINDOUF,37,2020-04-11,0,0,0
TISSEMSILT,38,2020-04-11,0,15,2
EL OUED,39,2020-04-11,0,16,6
KHENCHELA,40,2020-04-11,3,9,1
SOUK-AHRAS,41,2020-04-11,0,6,1
TIPAZA,42,2020-04-11,2,57,12
MILA,43,2020-04-11,0,3,0
AIN DEFLA,44,2020-04-11,1,41,5
NAAMA,45,2020-04-11,0,1,0
AIN-TEMOUCHENT,46,2020-04-11,0,13,2
GHARDAIA,47,2020-04-11,0,2,1
RELIZANE,48,2020-04-11,0,9,2
ADRAR,1,2020-04-12,2,6,1
CHLEF,2,2020-04-12,0,31,1
LAGHOUAT,3,2020-04-12,1,9,0
OUM EL BOUAGHI,4,2020-04-12,0,18,3
BATNA,5,2020-04-12,0,21,4
BEJAIA,6,2020-04-12,3,80,11
BISKRA,7,2020-04-12,1,11,3
BECHAR,8,2020-04-12,0,10,0
BLIDA,9,2020-04-12,16,554,78
BOUIRA,10,2020-04-12,0,13,1
TAMENGHASSET,11,2020-04-12,0,0,0
TEBESSA,12,2020-04-12,0,7,2
TLEMCEN,13,2020-04-12,0,38,6
TIARET,14,2020-04-12,0,4,1
TIZI OUZOU,15,2020-04-12,0,49,8
ALGER,16,2020-04-12,6,334,78
DJELFA,17,2020-04-12,2,28,2
JIJEL,18,2020-04-12,0,24,3
SETIF,19,2020-04-12,0,87,8
SAIDA,20,2020-04-12,0,1,0
SKIKDA,21,2020-04-12,0,22,0
SIDI BEL ABBES,22,2020-04-12,1,19,0
ANNABA,23,2020-04-12,0,14,2
GUELMA,24,2020-04-12,0,6,0
CONSTANTINE,25,2020-04-12,4,40,5
MEDEA,26,2020-04-12,0,27,8
MOSTAGANEM,27,2020-04-12,4,33,2
M'SILA,28,2020-04-12,0,8,4
MASCARA,29,2020-04-12,0,20,3
OUARGLA,30,2020-04-12,3,7,1
ORAN,31,2020-04-12,15,120,10
EL BAYADH,32,2020-04-12,0,1,0
ILLIZI,33,2020-04-12,0,2,0
BORDJ BOU ARRERIDJ,34,2020-04-12,0,38,8
BOUMERDES,35,2020-04-12,0,25,6
EL-TARF,36,2020-04-12,0,4,0
TINDOUF,37,2020-04-12,0,0,0
TISSEMSILT,38,2020-04-12,4,19,2
EL OUED,39,2020-04-12,2,18,7
KHENCHELA,40,2020-04-12,2,11,1
SOUK-AHRAS,41,2020-04-12,0,6,1
TIPAZA,42,2020-04-12,3,60,12
MILA,43,2020-04-12,0,3,1
AIN DEFLA,44,2020-04-12,10,51,5
NAAMA,45,2020-04-12,0,1,0
AIN-TEMOUCHENT,46,2020-04-12,0,13,2
GHARDAIA,47,2020-04-12,9,11,1
RELIZANE,48,2020-04-12,1,10,2
ADRAR,1,2020-04-13,0,6,1
CHLEF,2,2020-04-13,6,37,1
LAGHOUAT,3,2020-04-13,2,11,0
OUM EL BOUAGHI,4,2020-04-13,0,18,4
BATNA,5,2020-04-13,0,21,4
BEJAIA,6,2020-04-13,2,82,11
BISKRA,7,2020-04-13,0,11,3
BECHAR,8,2020-04-13,0,10,0
BLIDA,9,2020-04-13,6,560,82
BOUIRA,10,2020-04-13,2,15,2
TAMENGHASSET,11,2020-04-13,1,1,0
TEBESSA,12,2020-04-13,0,7,2
TLEMCEN,13,2020-04-13,0,38,6
TIARET,14,2020-04-13,1,5,1
TIZI OUZOU,15,2020-04-13,1,50,8
ALGER,16,2020-04-13,20,354,82
DJELFA,17,2020-04-13,1,29,2
JIJEL,18,2020-04-13,0,24,3
SETIF,19,2020-04-13,0,87,8
SAIDA,20,2020-04-13,0,1,0
SKIKDA,21,2020-04-13,0,22,0
SIDI BEL ABBES,22,2020-04-13,0,19,4
ANNABA,23,2020-04-13,0,14,2
GUELMA,24,2020-04-13,0,6,0
CONSTANTINE,25,2020-04-13,0,40,7
MEDEA,26,2020-04-13,1,28,8
MOSTAGANEM,27,2020-04-13,0,33,3
M'SILA,28,2020-04-13,0,8,4
MASCARA,29,2020-04-13,0,20,4
OUARGLA,30,2020-04-13,3,10,1
ORAN,31,2020-04-13,1,121,10
EL BAYADH,32,2020-04-13,0,1,0
ILLIZI,33,2020-04-13,0,2,0
BORDJ BOU ARRERIDJ,34,2020-04-13,3,41,9
BOUMERDES,35,2020-04-13,3,28,6
EL-TARF,36,2020-04-13,0,4,0
TINDOUF,37,2020-04-13,0,0,0
TISSEMSILT,38,2020-04-13,7,26,2
EL OUED,39,2020-04-13,0,18,7
KHENCHELA,40,2020-04-13,0,11,1
SOUK-AHRAS,41,2020-04-13,0,6,1
TIPAZA,42,2020-04-13,3,63,12
MILA,43,2020-04-13,1,4,1
AIN DEFLA,44,2020-04-13,0,51,5
NAAMA,45,2020-04-13,0,1,0
AIN-TEMOUCHENT,46,2020-04-13,0,13,2
GHARDAIA,47,2020-04-13,5,16,2
RELIZANE,48,2020-04-13,0,10,2
ADRAR,1,2020-04-14,0,6,1
CHLEF,2,2020-04-14,4,41,1
LAGHOUAT,3,2020-04-14,0,11,0
OUM EL BOUAGHI,4,2020-04-14,0,18,4
BATNA,5,2020-04-14,0,21,4
BEJAIA,6,2020-04-14,0,82,11
BISKRA,7,2020-04-14,0,11,3
BECHAR,8,2020-04-14,0,10,0
BLIDA,9,2020-04-14,15,575,84
BOUIRA,10,2020-04-14,1,16,2
TAMENGHASSET,11,2020-04-14,0,1,0
TEBESSA,12,2020-04-14,0,7,2
TLEMCEN,13,2020-04-14,0,38,6
TIARET,14,2020-04-14,1,6,1
TIZI OUZOU,15,2020-04-14,3,53,8
ALGER,16,2020-04-14,14,368,86
DJELFA,17,2020-04-14,0,29,2
JIJEL,18,2020-04-14,0,24,3
SETIF,19,2020-04-14,0,87,8
SAIDA,20,2020-04-14,0,1,0
SKIKDA,21,2020-04-14,0,22,1
SIDI BEL ABBES,22,2020-04-14,2,21,4
ANNABA,23,2020-04-14,0,14,2
GUELMA,24,2020-04-14,0,6,0
CONSTANTINE,25,2020-04-14,0,40,7
MEDEA,26,2020-04-14,0,28,8
MOSTAGANEM,27,2020-04-14,2,35,3
M'SILA,28,2020-04-14,2,10,6
MASCARA,29,2020-04-14,0,20,4
OUARGLA,30,2020-04-14,4,14,1
ORAN,31,2020-04-14,13,134,10
EL BAYADH,32,2020-04-14,0,1,0
ILLIZI,33,2020-04-14,0,2,0
BORDJ BOU ARRERIDJ,34,2020-04-14,0,41,10
BOUMERDES,35,2020-04-14,0,28,6
EL-TARF,36,2020-04-14,0,4,0
TINDOUF,37,2020-04-14,0,0,0
TISSEMSILT,38,2020-04-14,0,26,2
EL OUED,39,2020-04-14,5,23,7
KHENCHELA,40,2020-04-14,0,11,1
SOUK-AHRAS,41,2020-04-14,0,6,1
TIPAZA,42,2020-04-14,6,69,14
MILA,43,2020-04-14,0,4,1
AIN DEFLA,44,2020-04-14,12,63,5
NAAMA,45,2020-04-14,0,1,0
AIN-TEMOUCHENT,46,2020-04-14,2,15,2
GHARDAIA,47,2020-04-14,1,17,3
RELIZANE,48,2020-04-14,0,10,2
ADRAR,1,2020-04-15,0,6,1
CHLEF,2,2020-04-15,0,44,1
LAGHOUAT,3,2020-04-15,0,12,0
OUM EL BOUAGHI,4,2020-04-15,0,18,4
BATNA,5,2020-04-15,0,22,4
BEJAIA,6,2020-04-15,0,84,11
BISKRA,7,2020-04-15,0,11,3
BECHAR,8,2020-04-15,0,10,0
BLIDA,9,2020-04-15,2,597,86
BOUIRA,10,2020-04-15,0,16,2
TAMENGHASSET,11,2020-04-15,0,1,0
TEBESSA,12,2020-04-15,0,10,2
TLEMCEN,13,2020-04-15,0,38,6
TIARET,14,2020-04-15,0,9,1
TIZI OUZOU,15,2020-04-15,0,67,8
ALGER,16,2020-04-15,4,380,90
DJELFA,17,2020-04-15,0,33,2
JIJEL,18,2020-04-15,1,24,4
SETIF,19,2020-04-15,0,91,8
SAIDA,20,2020-04-15,0,1,0
SKIKDA,21,2020-04-15,0,23,1
SIDI BEL ABBES,22,2020-04-15,1,23,5
ANNABA,23,2020-04-15,0,14,2
GUELMA,24,2020-04-15,0,6,0
CONSTANTINE,25,2020-04-15,1,40,8
MEDEA,26,2020-04-15,0,28,8
MOSTAGANEM,27,2020-04-15,0,36,3
M'SILA,28,2020-04-15,0,10,6
MASCARA,29,2020-04-15,0,20,4
OUARGLA,30,2020-04-15,0,14,1
ORAN,31,2020-04-15,1,145,11
EL BAYADH,32,2020-04-15,0,1,0
ILLIZI,33,2020-04-15,0,2,0
BORDJ BOU ARRERIDJ,34,2020-04-15,0,41,10
BOUMERDES,35,2020-04-15,0,29,6
EL-TARF,36,2020-04-15,0,4,0
TINDOUF,37,2020-04-15,0,0,0
TISSEMSILT,38,2020-04-15,0,27,2
EL OUED,39,2020-04-15,0,23,7
KHENCHELA,40,2020-04-15,0,12,1
SOUK-AHRAS,41,2020-04-15,0,6,1
TIPAZA,42,2020-04-15,0,70,14
MILA,43,2020-04-15,0,4,1
AIN DEFLA,44,2020-04-15,0,63,5
NAAMA,45,2020-04-15,0,1,0
AIN-TEMOUCHENT,46,2020-04-15,0,16,2
GHARDAIA,47,2020-04-15,0,18,3
RELIZANE,48,2020-04-15,0,10,2
ADRAR,1,2020-04-16,0,6,1
CHLEF,2,2020-04-16,0,44,1
LAGHOUAT,3,2020-04-16,0,12,0
OUM EL BOUAGHI,4,2020-04-16,0,18,4
BATNA,5,2020-04-16,0,22,4
BEJAIA,6,2020-04-16,0,84,11
BISKRA,7,2020-04-16,0,11,3
BECHAR,8,2020-04-16,0,10,0
BLIDA,9,2020-04-16,2,597,86
BOUIRA,10,2020-04-16,0,16,2
TAMENGHASSET,11,2020-04-16,0,1,0
TEBESSA,12,2020-04-16,0,10,2
TLEMCEN,13,2020-04-16,0,38,6
TIARET,14,2020-04-16,0,9,1
TIZI OUZOU,15,2020-04-16,0,67,8
ALGER,16,2020-04-16,4,380,90
DJELFA,17,2020-04-16,0,33,2
JIJEL,18,2020-04-16,1,24,4
SETIF,19,2020-04-16,0,91,8
SAIDA,20,2020-04-16,0,1,0
SKIKDA,21,2020-04-16,0,23,1
SIDI BEL ABBES,22,2020-04-16,1,23,5
ANNABA,23,2020-04-16,0,14,2
GUELMA,24,2020-04-16,0,6,0
CONSTANTINE,25,2020-04-16,1,40,8
MEDEA,26,2020-04-16,0,28,8
MOSTAGANEM,27,2020-04-16,0,36,3
M'SILA,28,2020-04-16,0,10,6
MASCARA,29,2020-04-16,0,20,4
OUARGLA,30,2020-04-16,0,14,1
ORAN,31,2020-04-16,1,145,11
EL BAYADH,32,2020-04-16,0,1,0
ILLIZI,33,2020-04-16,0,2,0
BORDJ BOU ARRERIDJ,34,2020-04-16,0,41,10
BOUMERDES,35,2020-04-16,0,29,6
EL-TARF,36,2020-04-16,0,4,0
TINDOUF,37,2020-04-16,0,0,0
TISSEMSILT,38,2020-04-16,0,27,2
EL OUED,39,2020-04-16,0,23,7
KHENCHELA,40,2020-04-16,0,12,1
SOUK-AHRAS,41,2020-04-16,0,6,1
TIPAZA,42,2020-04-16,0,70,14
MILA,43,2020-04-16,0,4,1
AIN DEFLA,44,2020-04-16,0,63,5
NAAMA,45,2020-04-16,0,1,0
AIN-TEMOUCHENT,46,2020-04-16,0,16,2
GHARDAIA,47,2020-04-16,0,18,3
RELIZANE,48,2020-04-16,0,10,2
ADRAR,1,2020-04-17,7,13,1
CHLEF,2,2020-04-17,0,45,1
LAGHOUAT,3,2020-04-17,0,12,0
OUM EL BOUAGHI,4,2020-04-17,4,22,4
BATNA,5,2020-04-17,1,26,4
BEJAIA,6,2020-04-17,8,94,13
BISKRA,7,2020-04-17,3,14,4
BECHAR,8,2020-04-17,0,10,0
BLIDA,9,2020-04-17,13,628,91
BOUIRA,10,2020-04-17,1,17,2
TAMENGHASSET,11,2020-04-17,0,1,0
TEBESSA,12,2020-04-17,0,10,2
TLEMCEN,13,2020-04-17,0,38,6
TIARET,14,2020-04-17,1,14,1
TIZI OUZOU,15,2020-04-17,14,85,10
ALGER,16,2020-04-17,17,427,96
DJELFA,17,2020-04-17,2,35,2
JIJEL,18,2020-04-17,3,27,4
SETIF,19,2020-04-17,6,101,9
SAIDA,20,2020-04-17,0,1,0
SKIKDA,21,2020-04-17,3,27,2
SIDI BEL ABBES,22,2020-04-17,0,25,5
ANNABA,23,2020-04-17,1,17,3
GUELMA,24,2020-04-17,2,8,0
CONSTANTINE,25,2020-04-17,15,57,9
MEDEA,26,2020-04-17,5,35,8
MOSTAGANEM,27,2020-04-17,9,46,3
M'SILA,28,2020-04-17,3,13,6
MASCARA,29,2020-04-17,0,22,4
OUARGLA,30,2020-04-17,8,22,3
ORAN,31,2020-04-17,0,145,12
EL BAYADH,32,2020-04-17,0,1,0
ILLIZI,33,2020-04-17,0,2,0
BORDJ BOU ARRERIDJ,34,2020-04-17,1,50,12
BOUMERDES,35,2020-04-17,2,33,6
EL-TARF,36,2020-04-17,0,6,0
TINDOUF,37,2020-04-17,0,0,0
TISSEMSILT,38,2020-04-17,1,29,2
EL OUED,39,2020-04-17,0,23,7
KHENCHELA,40,2020-04-17,5,19,2
SOUK-AHRAS,41,2020-04-17,1,7,1
TIPAZA,42,2020-04-17,3,76,15
MILA,43,2020-04-17,2,6,1
AIN DEFLA,44,2020-04-17,3,73,5
NAAMA,45,2020-04-17,0,1,0
AIN-TEMOUCHENT,46,2020-04-17,0,18,2
GHARDAIA,47,2020-04-17,6,25,4
RELIZANE,48,2020-04-17,0,12,2
ADRAR,1,2020-04-18,1,14,1
CHLEF,2,2020-04-18,0,45,1
LAGHOUAT,3,2020-04-18,1,13,0
OUM EL BOUAGHI,4,2020-04-18,6,28,4
BATNA,5,2020-04-18,0,26,4
BEJAIA,6,2020-04-18,2,96,13
BISKRA,7,2020-04-18,0,14,4
BECHAR,8,2020-04-18,0,10,0
BLIDA,9,2020-04-18,35,663,94
BOUIRA,10,2020-04-18,0,17,2
TAMENGHASSET,11,2020-04-18,0,1,0
TEBESSA,12,2020-04-18,0,10,2
TLEMCEN,13,2020-04-18,6,44,6
TIARET,14,2020-04-18,0,14,1
TIZI OUZOU,15,2020-04-18,1,86,10
ALGER,16,2020-04-18,12,439,96
DJELFA,17,2020-04-18,5,40,2
JIJEL,18,2020-04-18,0,27,4
SETIF,19,2020-04-18,6,107,9
SAIDA,20,2020-04-18,0,1,0
SKIKDA,21,2020-04-18,0,27,2
SIDI BEL ABBES,22,2020-04-18,0,25,5
ANNABA,23,2020-04-18,2,19,3
GUELMA,24,2020-04-18,1,9,0
CONSTANTINE,25,2020-04-18,1,58,9
MEDEA,26,2020-04-18,2,37,8
MOSTAGANEM,27,2020-04-18,0,46,3
M'SILA,28,2020-04-18,0,13,6
MASCARA,29,2020-04-18,0,22,4
OUARGLA,30,2020-04-18,4,26,3
ORAN,31,2020-04-18,8,153,12
EL BAYADH,32,2020-04-18,0,1,0
ILLIZI,33,2020-04-18,0,2,0
BORDJ BOU ARRERIDJ,34,2020-04-18,0,50,12
BOUMERDES,35,2020-04-18,1,34,6
EL-TARF,36,2020-04-18,0,6,0
TINDOUF,37,2020-04-18,0,0,0
TISSEMSILT,38,2020-04-18,0,29,2
EL OUED,39,2020-04-18,7,30,7
KHENCHELA,40,2020-04-18,2,21,2
SOUK-AHRAS,41,2020-04-18,0,7,1
TIPAZA,42,2020-04-18,7,83,15
MILA,43,2020-04-18,1,7,1
AIN DEFLA,44,2020-04-18,2,75,5
NAAMA,45,2020-04-18,0,1,0
AIN-TEMOUCHENT,46,2020-04-18,0,18,2
GHARDAIA,47,2020-04-18,3,28,4
RELIZANE,48,2020-04-18,0,12,2
ADRAR,1,2020-04-19,7,13,1
CHLEF,2,2020-04-19,0,45,1
LAGHOUAT,3,2020-04-19,0,12,0
OUM EL BOUAGHI,4,2020-04-19,4,22,4
BATNA,5,2020-04-19,1,26,4
BEJAIA,6,2020-04-19,8,94,13
BISKRA,7,2020-04-19,3,14,4
BECHAR,8,2020-04-19,0,10,0
BLIDA,9,2020-04-19,13,628,91
BOUIRA,10,2020-04-19,1,17,2
TAMENGHASSET,11,2020-04-19,0,1,0
TEBESSA,12,2020-04-19,0,10,2
TLEMCEN,13,2020-04-19,0,38,6
TIARET,14,2020-04-19,1,14,1
TIZI OUZOU,15,2020-04-19,14,85,10
ALGER,16,2020-04-19,17,427,96
DJELFA,17,2020-04-19,2,35,2
JIJEL,18,2020-04-19,3,27,4
SETIF,19,2020-04-19,6,101,9
SAIDA,20,2020-04-19,0,1,0
SKIKDA,21,2020-04-19,3,27,2
SIDI BEL ABBES,22,2020-04-19,0,25,5
ANNABA,23,2020-04-19,1,17,3
GUELMA,24,2020-04-19,2,8,0
CONSTANTINE,25,2020-04-19,15,57,9
MEDEA,26,2020-04-19,5,35,8
MOSTAGANEM,27,2020-04-19,9,46,3
M'SILA,28,2020-04-19,3,13,6
MASCARA,29,2020-04-19,0,22,4
OUARGLA,30,2020-04-19,8,22,3
ORAN,31,2020-04-19,0,145,12
EL BAYADH,32,2020-04-19,0,1,0
ILLIZI,33,2020-04-19,0,2,0
BORDJ BOU ARRERIDJ,34,2020-04-19,1,50,12
BOUMERDES,35,2020-04-19,2,33,6
EL-TARF,36,2020-04-19,0,6,0
TINDOUF,37,2020-04-19,0,0,0
TISSEMSILT,38,2020-04-19,1,29,2
EL OUED,39,2020-04-19,0,23,7
KHENCHELA,40,2020-04-19,5,19,2
SOUK-AHRAS,41,2020-04-19,1,7,1
TIPAZA,42,2020-04-19,3,76,15
MILA,43,2020-04-19,2,6,1
AIN DEFLA,44,2020-04-19,3,73,5
NAAMA,45,2020-04-19,0,1,0
AIN-TEMOUCHENT,46,2020-04-19,0,18,2
GHARDAIA,47,2020-04-19,6,25,4
RELIZANE,48,2020-04-19,0,12,2
ADRAR,1,2020-04-20,0,15,1
CHLEF,2,2020-04-20,4,49,1
LAGHOUAT,3,2020-04-20,3,16,0
OUM EL BOUAGHI,4,2020-04-20,1,33,4
BATNA,5,2020-04-20,0,26,4
BEJAIA,6,2020-04-20,3,100,13
BISKRA,7,2020-04-20,2,20,5
BECHAR,8,2020-04-20,0,14,0
BLIDA,9,2020-04-20,8,677,97
BOUIRA,10,2020-04-20,0,18,2
TAMENGHASSET,11,2020-04-20,0,1,0
TEBESSA,12,2020-04-20,1,12,2
TLEMCEN,13,2020-04-20,0,44,6
TIARET,14,2020-04-20,0,15,2
TIZI OUZOU,15,2020-04-20,4,95,11
ALGER,16,2020-04-20,10,455,97
DJELFA,17,2020-04-20,0,42,4
JIJEL,18,2020-04-20,1,31,4
SETIF,19,2020-04-20,1,112,9
SAIDA,20,2020-04-20,0,1,0
SKIKDA,21,2020-04-20,1,30,3
SIDI BEL ABBES,22,2020-04-20,1,26,5
ANNABA,23,2020-04-20,0,20,3
GUELMA,24,2020-04-20,1,11,0
CONSTANTINE,25,2020-04-20,14,72,9
MEDEA,26,2020-04-20,0,41,9
MOSTAGANEM,27,2020-04-20,4,51,3
M'SILA,28,2020-04-20,0,15,6
MASCARA,29,2020-04-20,2,24,4
OUARGLA,30,2020-04-20,0,34,3
ORAN,31,2020-04-20,7,160,12
EL BAYADH,32,2020-04-20,0,1,0
ILLIZI,33,2020-04-20,0,2,0
BORDJ BOU ARRERIDJ,34,2020-04-20,2,62,14
BOUMERDES,35,2020-04-20,1,36,6
EL-TARF,36,2020-04-20,1,8,0
TINDOUF,37,2020-04-20,0,0,0
TISSEMSILT,38,2020-04-20,0,29,2
EL OUED,39,2020-04-20,0,31,7
KHENCHELA,40,2020-04-20,0,22,2
SOUK-AHRAS,41,2020-04-20,0,7,1
TIPAZA,42,2020-04-20,7,97,18
MILA,43,2020-04-20,2,9,1
AIN DEFLA,44,2020-04-20,8,91,5
NAAMA,45,2020-04-20,0,1,0
AIN-TEMOUCHENT,46,2020-04-20,0,18,2
GHARDAIA,47,2020-04-20,0,32,4
RELIZANE,48,2020-04-20,0,12,3
ADRAR,1,2020-04-21,0,15,1
CHLEF,2,2020-04-21,0,49,1
LAGHOUAT,3,2020-04-21,0,16,0
OUM EL BOUAGHI,4,2020-04-21,0,33,4
BATNA,5,2020-04-21,0,26,4
BEJAIA,6,2020-04-21,0,100,13
BISKRA,7,2020-04-21,2,22,6
BECHAR,8,2020-04-21,0,14,0
BLIDA,9,2020-04-21,16,692,100
BOUIRA,10,2020-04-21,0,18,2
TAMENGHASSET,11,2020-04-21,0,1,0
TEBESSA,12,2020-04-21,3,15,2
TLEMCEN,13,2020-04-21,1,45,6
TIARET,14,2020-04-21,4,19,2
TIZI OUZOU,15,2020-04-21,0,95,12
ALGER,16,2020-04-21,5,460,97
DJELFA,17,2020-04-21,0,42,4
JIJEL,18,2020-04-21,1,32,4
SETIF,19,2020-04-21,7,119,10
SAIDA,20,2020-04-21,1,2,0
SKIKDA,21,2020-04-21,0,30,4
SIDI BEL ABBES,22,2020-04-21,0,26,5
ANNABA,23,2020-04-21,3,23,3
GUELMA,24,2020-04-21,2,14,0
CONSTANTINE,25,2020-04-21,19,91,9
MEDEA,26,2020-04-21,1,42,9
MOSTAGANEM,27,2020-04-21,2,53,3
M'SILA,28,2020-04-21,1,16,6
MASCARA,29,2020-04-21,0,24,4
OUARGLA,30,2020-04-21,3,37,3
ORAN,31,2020-04-21,8,168,12
EL BAYADH,32,2020-04-21,0,1,0
ILLIZI,33,2020-04-21,0,2,0
BORDJ BOU ARRERIDJ,34,2020-04-21,3,65,14
BOUMERDES,35,2020-04-21,0,36,7
EL-TARF,36,2020-04-21,1,9,0
TINDOUF,37,2020-04-21,0,0,0
TISSEMSILT,38,2020-04-21,3,32,2
EL OUED,39,2020-04-21,0,31,7
KHENCHELA,40,2020-04-21,1,23,2
SOUK-AHRAS,41,2020-04-21,0,7,1
TIPAZA,42,2020-04-21,1,98,18
MILA,43,2020-04-21,0,9,1
AIN DEFLA,44,2020-04-21,5,96,5
NAAMA,45,2020-04-21,0,1,0
AIN-TEMOUCHENT,46,2020-04-21,0,18,2
GHARDAIA,47,2020-04-21,0,32,4
RELIZANE,48,2020-04-21,0,12,3
ADRAR,1,2020-04-22,0,15,1
CHLEF,2,2020-04-22,0,49,1
LAGHOUAT,3,2020-04-22,0,16,0
OUM EL BOUAGHI,4,2020-04-22,0,33,4
BATNA,5,2020-04-22,0,26,4
BEJAIA,6,2020-04-22,0,100,13
BISKRA,7,2020-04-22,2,22,6
BECHAR,8,2020-04-22,0,14,0
BLIDA,9,2020-04-22,16,692,100
BOUIRA,10,2020-04-22,0,18,2
TAMENGHASSET,11,2020-04-22,0,1,0
TEBESSA,12,2020-04-22,3,15,2
TLEMCEN,13,2020-04-22,1,45,6
TIARET,14,2020-04-22,4,19,2
TIZI OUZOU,15,2020-04-22,0,95,12
ALGER,16,2020-04-22,5,460,97
DJELFA,17,2020-04-22,0,42,4
JIJEL,18,2020-04-22,1,32,4
SETIF,19,2020-04-22,7,119,10
SAIDA,20,2020-04-22,1,2,0
SKIKDA,21,2020-04-22,0,30,4
SIDI BEL ABBES,22,2020-04-22,0,26,5
ANNABA,23,2020-04-22,3,23,3
GUELMA,24,2020-04-22,2,14,0
CONSTANTINE,25,2020-04-22,19,91,9
MEDEA,26,2020-04-22,1,42,9
MOSTAGANEM,27,2020-04-22,2,53,3
M'SILA,28,2020-04-22,1,16,6
MASCARA,29,2020-04-22,0,24,4
OUARGLA,30,2020-04-22,3,37,3
ORAN,31,2020-04-22,8,168,12
EL BAYADH,32,2020-04-22,0,1,0
ILLIZI,33,2020-04-22,0,2,0
BORDJ BOU ARRERIDJ,34,2020-04-22,3,65,14
BOUMERDES,35,2020-04-22,0,36,7
EL-TARF,36,2020-04-22,1,9,0
TINDOUF,37,2020-04-22,0,0,0
TISSEMSILT,38,2020-04-22,3,32,2
EL OUED,39,2020-04-22,0,31,7
KHENCHELA,40,2020-04-22,1,23,2
SOUK-AHRAS,41,2020-04-22,0,7,1
TIPAZA,42,2020-04-22,1,98,18
MILA,43,2020-04-22,0,9,1
AIN DEFLA,44,2020-04-22,5,96,5
NAAMA,45,2020-04-22,0,1,0
AIN-TEMOUCHENT,46,2020-04-22,0,18,2
GHARDAIA,47,2020-04-22,0,32,4
RELIZANE,48,2020-04-22,0,12,3
ADRAR,1,2020-04-23,0,25,1
CHLEF,2,2020-04-23,0,49,1
LAGHOUAT,3,2020-04-23,3,19,0
OUM EL BOUAGHI,4,2020-04-23,2,37,4
BATNA,5,2020-04-23,0,26,4
BEJAIA,6,2020-04-23,5,107,14
BISKRA,7,2020-04-23,8,31,6
BECHAR,8,2020-04-23,0,14,0
BLIDA,9,2020-04-23,1,702,102
BOUIRA,10,2020-04-23,1,19,2
TAMENGHASSET,11,2020-04-23,0,1,0
TEBESSA,12,2020-04-23,3,19,2
TLEMCEN,13,2020-04-23,8,53,6
TIARET,14,2020-04-23,0,29,2
TIZI OUZOU,15,2020-04-23,0,97,13
ALGER,16,2020-04-23,5,466,98
DJELFA,17,2020-04-23,2,45,4
JIJEL,18,2020-04-23,1,33,5
SETIF,19,2020-04-23,2,133,10
SAIDA,20,2020-04-23,0,4,0
SKIKDA,21,2020-04-23,0,30,4
SIDI BEL ABBES,22,2020-04-23,0,29,5
ANNABA,23,2020-04-23,0,24,3
GUELMA,24,2020-04-23,0,16,1
CONSTANTINE,25,2020-04-23,0,98,9
MEDEA,26,2020-04-23,0,42,9
MOSTAGANEM,27,2020-04-23,0,56,3
M'SILA,28,2020-04-23,1,17,6
MASCARA,29,2020-04-23,13,39,4
OUARGLA,30,2020-04-23,0,40,4
ORAN,31,2020-04-23,6,181,13
EL BAYADH,32,2020-04-23,0,2,0
ILLIZI,33,2020-04-23,0,2,0
BORDJ BOU ARRERIDJ,34,2020-04-23,5,70,16
BOUMERDES,35,2020-04-23,4,40,7
EL-TARF,36,2020-04-23,0,9,0
TINDOUF,37,2020-04-23,0,0,0
TISSEMSILT,38,2020-04-23,2,39,2
EL OUED,39,2020-04-23,0,31,8
KHENCHELA,40,2020-04-23,0,23,2
SOUK-AHRAS,41,2020-04-23,0,7,1
TIPAZA,42,2020-04-23,9,109,19
MILA,43,2020-04-23,0,9,1
AIN DEFLA,44,2020-04-23,9,107,5
NAAMA,45,2020-04-23,0,1,0
AIN-TEMOUCHENT,46,2020-04-23,4,23,4
GHARDAIA,47,2020-04-23,0,37,4
RELIZANE,48,2020-04-23,3,17,3
ADRAR,1,2020-04-24,0,25,1
CHLEF,2,2020-04-24,0,49,1
LAGHOUAT,3,2020-04-24,1,20,0
OUM EL BOUAGHI,4,2020-04-24,3,40,4
BATNA,5,2020-04-24,0,26,4
BEJAIA,6,2020-04-24,1,108,14
BISKRA,7,2020-04-24,11,42,6
BECHAR,8,2020-04-24,0,14,0
BLIDA,9,2020-04-24,28,730,102
BOUIRA,10,2020-04-24,1,20,2
TAMENGHASSET,11,2020-04-24,0,1,0
TEBESSA,12,2020-04-24,1,20,2
TLEMCEN,13,2020-04-24,8,61,6
TIARET,14,2020-04-24,17,46,2
TIZI OUZOU,15,2020-04-24,0,97,13
ALGER,16,2020-04-24,6,472,103
DJELFA,17,2020-04-24,0,45,4
JIJEL,18,2020-04-24,1,34,5
SETIF,19,2020-04-24,7,140,10
SAIDA,20,2020-04-24,0,4,0
SKIKDA,21,2020-04-24,3,33,4
SIDI BEL ABBES,22,2020-04-24,3,32,5
ANNABA,23,2020-04-24,0,24,3
GUELMA,24,2020-04-24,0,16,1
CONSTANTINE,25,2020-04-24,4,102,9
MEDEA,26,2020-04-24,2,44,10
MOSTAGANEM,27,2020-04-24,0,56,3
M'SILA,28,2020-04-24,0,17,6
MASCARA,29,2020-04-24,0,39,4
OUARGLA,30,2020-04-24,0,40,5
ORAN,31,2020-04-24,5,186,13
EL BAYADH,32,2020-04-24,1,3,0
ILLIZI,33,2020-04-24,0,2,0
BORDJ BOU ARRERIDJ,34,2020-04-24,0,70,16
BOUMERDES,35,2020-04-24,2,42,7
EL-TARF,36,2020-04-24,1,10,0
TINDOUF,37,2020-04-24,0,0,0
TISSEMSILT,38,2020-04-24,3,42,2
EL OUED,39,2020-04-24,0,31,8
KHENCHELA,40,2020-04-24,2,25,2
SOUK-AHRAS,41,2020-04-24,0,7,1
TIPAZA,42,2020-04-24,1,110,20
MILA,43,2020-04-24,0,9,1
AIN DEFLA,44,2020-04-24,6,113,5
NAAMA,45,2020-04-24,0,1,0
AIN-TEMOUCHENT,46,2020-04-24,1,24,4
GHARDAIA,47,2020-04-24,0,37,4
RELIZANE,48,2020-04-24,1,18,3
ADRAR,1,2020-04-25,0,25,1
CHLEF,2,2020-04-25,0,49,1
LAGHOUAT,3,2020-04-25,0,20,0
OUM EL BOUAGHI,4,2020-04-25,9,49,4
BATNA,5,2020-04-25,0,26,4
BEJAIA,6,2020-04-25,7,115,14
BISKRA,7,2020-04-25,2,44,6
BECHAR,8,2020-04-25,0,14,0
BLIDA,9,2020-04-25,19,749,102
BOUIRA,10,2020-04-25,0,20,2
TAMENGHASSET,11,2020-04-25,0,1,0
TEBESSA,12,2020-04-25,0,20,2
TLEMCEN,13,2020-04-25,0,61,6
TIARET,14,2020-04-25,1,47,2
TIZI OUZOU,15,2020-04-25,1,98,14
ALGER,16,2020-04-25,0,472,103
DJELFA,17,2020-04-25,0,45,4
JIJEL,18,2020-04-25,8,42,5
SETIF,19,2020-04-25,17,157,10
SAIDA,20,2020-04-25,0,4,0
SKIKDA,21,2020-04-25,1,34,4
SIDI BEL ABBES,22,2020-04-25,6,38,6
ANNABA,23,2020-04-25,1,25,3
GUELMA,24,2020-04-25,0,16,1
CONSTANTINE,25,2020-04-25,12,114,9
MEDEA,26,2020-04-25,0,44,10
MOSTAGANEM,27,2020-04-25,0,56,3
M'SILA,28,2020-04-25,0,17,7
MASCARA,29,2020-04-25,0,39,4
OUARGLA,30,2020-04-25,7,47,5
ORAN,31,2020-04-25,6,192,13
EL BAYADH,32,2020-04-25,0,3,0
ILLIZI,33,2020-04-25,0,2,0
BORDJ BOU ARRERIDJ,34,2020-04-25,2,72,16
BOUMERDES,35,2020-04-25,0,42,7
EL-TARF,36,2020-04-25,0,10,0
TINDOUF,37,2020-04-25,0,0,0
TISSEMSILT,38,2020-04-25,0,42,2
EL OUED,39,2020-04-25,0,31,8
KHENCHELA,40,2020-04-25,0,25,2
SOUK-AHRAS,41,2020-04-25,1,8,1
TIPAZA,42,2020-04-25,9,119,21
MILA,43,2020-04-25,2,11,1
AIN DEFLA,44,2020-04-25,9,122,5
NAAMA,45,2020-04-25,0,1,0
AIN-TEMOUCHENT,46,2020-04-25,0,24,4
GHARDAIA,47,2020-04-25,9,46,4
RELIZANE,48,2020-04-25,0,18,3
ADRAR,1,2020-04-26,6,31,1
CHLEF,2,2020-04-26,0,49,1
LAGHOUAT,3,2020-04-26,3,23,0
OUM EL BOUAGHI,4,2020-04-26,10,59,4
BATNA,5,2020-04-26,0,26,4
BEJAIA,6,2020-04-26,1,116,14
BISKRA,7,2020-04-26,0,44,6
BECHAR,8,2020-04-26,15,29,0
BLIDA,9,2020-04-26,0,749,104
BOUIRA,10,2020-04-26,2,22,3
TAMENGHASSET,11,2020-04-26,0,1,0
TEBESSA,12,2020-04-26,2,22,3
TLEMCEN,13,2020-04-26,0,61,6
TIARET,14,2020-04-26,5,52,2
TIZI OUZOU,15,2020-04-26,1,99,14
ALGER,16,2020-04-26,3,475,103
DJELFA,17,2020-04-26,3,48,4
JIJEL,18,2020-04-26,1,43,5
SETIF,19,2020-04-26,3,160,11
SAIDA,20,2020-04-26,0,4,0
SKIKDA,21,2020-04-26,0,34,4
SIDI BEL ABBES,22,2020-04-26,3,41,6
ANNABA,23,2020-04-26,0,25,3
GUELMA,24,2020-04-26,1,17,1
CONSTANTINE,25,2020-04-26,16,130,9
MEDEA,26,2020-04-26,2,46,10
MOSTAGANEM,27,2020-04-26,0,56,3
M'SILA,28,2020-04-26,0,17,7
MASCARA,29,2020-04-26,0,39,4
OUARGLA,30,2020-04-26,6,53,5
ORAN,31,2020-04-26,2,194,13
EL BAYADH,32,2020-04-26,0,3,0
ILLIZI,33,2020-04-26,0,2,0
BORDJ BOU ARRERIDJ,34,2020-04-26,10,82,17
BOUMERDES,35,2020-04-26,0,42,7
EL-TARF,36,2020-04-26,2,12,0
TINDOUF,37,2020-04-26,0,0,0
TISSEMSILT,38,2020-04-26,4,46,2
EL OUED,39,2020-04-26,4,35,8
KHENCHELA,40,2020-04-26,0,25,2
SOUK-AHRAS,41,2020-04-26,1,9,1
TIPAZA,42,2020-04-26,3,122,21
MILA,43,2020-04-26,0,11,1
AIN DEFLA,44,2020-04-26,4,126,5
NAAMA,45,2020-04-26,0,1,0
AIN-TEMOUCHENT,46,2020-04-26,7,31,4
GHARDAIA,47,2020-04-26,5,51,4
RELIZANE,48,2020-04-26,1,19,3
ADRAR,1,2020-04-27,6,31,1
CHLEF,2,2020-04-27,0,49,1
LAGHOUAT,3,2020-04-27,3,23,0
OUM EL BOUAGHI,4,2020-04-27,10,59,4
BATNA,5,2020-04-27,0,26,4
BEJAIA,6,2020-04-27,1,116,14
BISKRA,7,2020-04-27,0,44,6
BECHAR,8,2020-04-27,15,29,0
BLIDA,9,2020-04-27,0,749,104
BOUIRA,10,2020-04-27,2,22,3
TAMENGHASSET,11,2020-04-27,0,1,0
TEBESSA,12,2020-04-27,2,22,3
TLEMCEN,13,2020-04-27,0,61,6
TIARET,14,2020-04-27,5,52,2
TIZI OUZOU,15,2020-04-27,1,99,14
ALGER,16,2020-04-27,3,475,103
DJELFA,17,2020-04-27,3,48,4
JIJEL,18,2020-04-27,1,43,5
SETIF,19,2020-04-27,3,160,11
SAIDA,20,2020-04-27,0,4,0
SKIKDA,21,2020-04-27,0,34,4
SIDI BEL ABBES,22,2020-04-27,3,41,6
ANNABA,23,2020-04-27,0,25,3
GUELMA,24,2020-04-27,1,17,1
CONSTANTINE,25,2020-04-27,16,130,9
MEDEA,26,2020-04-27,2,46,10
MOSTAGANEM,27,2020-04-27,0,56,3
M'SILA,28,2020-04-27,0,17,7
MASCARA,29,2020-04-27,0,39,4
OUARGLA,30,2020-04-27,6,53,5
ORAN,31,2020-04-27,2,194,13
EL BAYADH,32,2020-04-27,0,3,0
ILLIZI,33,2020-04-27,0,2,0
BORDJ BOU ARRERIDJ,34,2020-04-27,10,82,17
BOUMERDES,35,2020-04-27,0,42,7
EL-TARF,36,2020-04-27,2,12,0
TINDOUF,37,2020-04-27,0,0,0
TISSEMSILT,38,2020-04-27,4,46,2
EL OUED,39,2020-04-27,4,35,8
KHENCHELA,40,2020-04-27,0,25,2
SOUK-AHRAS,41,2020-04-27,1,9,1
TIPAZA,42,2020-04-27,3,122,21
MILA,43,2020-04-27,0,11,1
AIN DEFLA,44,2020-04-27,4,126,5
NAAMA,45,2020-04-27,0,1,0
AIN-TEMOUCHENT,46,2020-04-27,7,31,4
GHARDAIA,47,2020-04-27,5,51,4
RELIZANE,48,2020-04-27,1,19,3
ADRAR,1,2020-04-28,0,35,1
CHLEF,2,2020-04-28,0,49,1
LAGHOUAT,3,2020-04-28,1,25,0
OUM EL BOUAGHI,4,2020-04-28,4,63,5
BATNA,5,2020-04-28,0,26,4
BEJAIA,6,2020-04-28,3,124,14
BISKRA,7,2020-04-28,3,55,6
BECHAR,8,2020-04-28,4,34,0
BLIDA,9,2020-04-28,11,772,107
BOUIRA,10,2020-04-28,0,24,3
TAMENGHASSET,11,2020-04-28,0,1,0
TEBESSA,12,2020-04-28,2,25,3
TLEMCEN,13,2020-04-28,8,79,6
TIARET,14,2020-04-28,1,55,4
TIZI OUZOU,15,2020-04-28,4,103,14
ALGER,16,2020-04-28,14,494,105
DJELFA,17,2020-04-28,2,52,4
JIJEL,18,2020-04-28,0,43,5
SETIF,19,2020-04-28,8,181,12
SAIDA,20,2020-04-28,0,4,0
SKIKDA,21,2020-04-28,1,37,4
SIDI BEL ABBES,22,2020-04-28,3,44,6
ANNABA,23,2020-04-28,0,25,4
GUELMA,24,2020-04-28,0,19,1
CONSTANTINE,25,2020-04-28,6,148,9
MEDEA,26,2020-04-28,4,55,10
MOSTAGANEM,27,2020-04-28,0,57,3
M'SILA,28,2020-04-28,1,18,7
MASCARA,29,2020-04-28,2,42,4
OUARGLA,30,2020-04-28,3,60,5
ORAN,31,2020-04-28,27,229,13
EL BAYADH,32,2020-04-28,0,3,0
ILLIZI,33,2020-04-28,0,2,0
BORDJ BOU ARRERIDJ,34,2020-04-28,1,88,17
BOUMERDES,35,2020-04-28,1,44,8
EL-TARF,36,2020-04-28,0,13,0
TINDOUF,37,2020-04-28,0,0,0
TISSEMSILT,38,2020-04-28,0,46,2
EL OUED,39,2020-04-28,3,38,8
KHENCHELA,40,2020-04-28,0,30,2
SOUK-AHRAS,41,2020-04-28,3,12,1
TIPAZA,42,2020-04-28,3,129,22
MILA,43,2020-04-28,1,12,1
AIN DEFLA,44,2020-04-28,3,137,5
NAAMA,45,2020-04-28,0,3,0
AIN-TEMOUCHENT,46,2020-04-28,4,38,4
GHARDAIA,47,2020-04-28,0,51,4
RELIZANE,48,2020-04-28,1,25,3
ADRAR,1,2020-04-29,0,35,2
CHLEF,2,2020-04-29,0,49,1
LAGHOUAT,3,2020-04-29,1,26,0
OUM EL BOUAGHI,4,2020-04-29,7,70,5
BATNA,5,2020-04-29,7,33,4
BEJAIA,6,2020-04-29,3,127,14
BISKRA,7,2020-04-29,1,56,6
BECHAR,8,2020-04-29,5,39,0
BLIDA,9,2020-04-29,14,786,107
BOUIRA,10,2020-04-29,1,25,3
TAMENGHASSET,11,2020-04-29,2,3,0
TEBESSA,12,2020-04-29,5,30,3
TLEMCEN,13,2020-04-29,11,90,6
TIARET,14,2020-04-29,14,69,4
TIZI OUZOU,15,2020-04-29,1,104,14
ALGER,16,2020-04-29,8,502,105
DJELFA,17,2020-04-29,2,54,4
JIJEL,18,2020-04-29,2,45,5
SETIF,19,2020-04-29,12,193,14
SAIDA,20,2020-04-29,0,4,0
SKIKDA,21,2020-04-29,6,43,4
SIDI BEL ABBES,22,2020-04-29,0,44,6
ANNABA,23,2020-04-29,0,25,4
GUELMA,24,2020-04-29,3,22,1
CONSTANTINE,25,2020-04-29,10,158,9
MEDEA,26,2020-04-29,4,59,10
MOSTAGANEM,27,2020-04-29,1,58,3
M'SILA,28,2020-04-29,4,22,7
MASCARA,29,2020-04-29,3,45,4
OUARGLA,30,2020-04-29,1,61,6
ORAN,31,2020-04-29,10,239,13
EL BAYADH,32,2020-04-29,0,3,0
ILLIZI,33,2020-04-29,0,2,0
BORDJ BOU ARRERIDJ,34,2020-04-29,3,91,19
BOUMERDES,35,2020-04-29,2,46,8
EL-TARF,36,2020-04-29,3,16,0
TINDOUF,37,2020-04-29,0,0,0
TISSEMSILT,38,2020-04-29,0,46,2
EL OUED,39,2020-04-29,0,38,8
KHENCHELA,40,2020-04-29,3,33,2
SOUK-AHRAS,41,2020-04-29,1,13,1
TIPAZA,42,2020-04-29,9,138,23
MILA,43,2020-04-29,0,12,1
AIN DEFLA,44,2020-04-29,31,168,5
NAAMA,45,2020-04-29,0,3,0
AIN-TEMOUCHENT,46,2020-04-29,3,41,4
GHARDAIA,47,2020-04-29,5,56,4
RELIZANE,48,2020-04-29,1,26,3
ADRAR,1,2020-04-30,5,40,2
CHLEF,2,2020-04-30,0,49,1
LAGHOUAT,3,2020-04-30,0,26,0
OUM EL BOUAGHI,4,2020-04-30,0,70,5
BATNA,5,2020-04-30,1,34,4
BEJAIA,6,2020-04-30,1,128,14
BISKRA,7,2020-04-30,0,56,6
BECHAR,8,2020-04-30,3,42,0
BLIDA,9,2020-04-30,13,799,107
BOUIRA,10,2020-04-30,0,25,3
TAMENGHASSET,11,2020-04-30,0,3,0
TEBESSA,12,2020-04-30,0,30,3
TLEMCEN,13,2020-04-30,4,94,6
TIARET,14,2020-04-30,7,76,4
TIZI OUZOU,15,2020-04-30,0,104,14
ALGER,16,2020-04-30,5,507,108
DJELFA,17,2020-04-30,0,54,5
JIJEL,18,2020-04-30,0,45,5
SETIF,19,2020-04-30,4,197,16
SAIDA,20,2020-04-30,0,4,0
SKIKDA,21,2020-04-30,5,48,4
SIDI BEL ABBES,22,2020-04-30,4,48,6
ANNABA,23,2020-04-30,33,58,4
GUELMA,24,2020-04-30,0,22,1
CONSTANTINE,25,2020-04-30,20,178,9
MEDEA,26,2020-04-30,4,63,10
MOSTAGANEM,27,2020-04-30,2,60,3
M'SILA,28,2020-04-30,0,22,7
MASCARA,29,2020-04-30,3,48,4
OUARGLA,30,2020-04-30,4,65,6
ORAN,31,2020-04-30,4,243,13
EL BAYADH,32,2020-04-30,0,3,0
ILLIZI,33,2020-04-30,0,2,0
BORDJ BOU ARRERIDJ,34,2020-04-30,7,98,19
BOUMERDES,35,2020-04-30,1,47,8
EL-TARF,36,2020-04-30,0,16,0
TINDOUF,37,2020-04-30,0,0,0
TISSEMSILT,38,2020-04-30,0,46,2
EL OUED,39,2020-04-30,0,38,8
KHENCHELA,40,2020-04-30,1,34,2
SOUK-AHRAS,41,2020-04-30,0,13,1
TIPAZA,42,2020-04-30,2,140,23
MILA,43,2020-04-30,0,12,1
AIN DEFLA,44,2020-04-30,15,183,5
NAAMA,45,2020-04-30,0,3,0
AIN-TEMOUCHENT,46,2020-04-30,2,43,4
GHARDAIA,47,2020-04-30,3,59,4
RELIZANE,48,2020-04-30,5,31,3
ADRAR,1,2020-05-01,0,40,2
CHLEF,2,2020-05-01,0,49,1
LAGHOUAT,3,2020-05-01,1,27,0
OUM EL BOUAGHI,4,2020-05-01,5,75,5
BATNA,5,2020-05-01,1,35,4
BEJAIA,6,2020-05-01,3,131,14
BISKRA,7,2020-05-01,2,58,6
BECHAR,8,2020-05-01,0,42,0
BLIDA,9,2020-05-01,11,810,107
BOUIRA,10,2020-05-01,2,27,3
TAMENGHASSET,11,2020-05-01,0,3,0
TEBESSA,12,2020-05-01,3,33,3
TLEMCEN,13,2020-05-01,5,99,6
TIARET,14,2020-05-01,5,81,4
TIZI OUZOU,15,2020-05-01,1,105,15
ALGER,16,2020-05-01,10,517,108
DJELFA,17,2020-05-01,5,59,5
JIJEL,18,2020-05-01,1,46,5
SETIF,19,2020-05-01,12,209,16
SAIDA,20,2020-05-01,1,5,0
SKIKDA,21,2020-05-01,0,48,4
SIDI BEL ABBES,22,2020-05-01,2,50,6
ANNABA,23,2020-05-01,9,67,4
GUELMA,24,2020-05-01,1,23,1
CONSTANTINE,25,2020-05-01,3,181,10
MEDEA,26,2020-05-01,9,72,10
MOSTAGANEM,27,2020-05-01,0,60,3
M'SILA,28,2020-05-01,0,22,7
MASCARA,29,2020-05-01,1,49,4
OUARGLA,30,2020-05-01,2,67,6
ORAN,31,2020-05-01,3,246,13
EL BAYADH,32,2020-05-01,0,3,0
ILLIZI,33,2020-05-01,0,2,0
BORDJ BOU ARRERIDJ,34,2020-05-01,11,109,20
BOUMERDES,35,2020-05-01,3,50,8
EL-TARF,36,2020-05-01,0,16,0
TINDOUF,37,2020-05-01,6,6,0
TISSEMSILT,38,2020-05-01,0,46,2
EL OUED,39,2020-05-01,1,39,8
KHENCHELA,40,2020-05-01,5,39,2
SOUK-AHRAS,41,2020-05-01,2,15,1
TIPAZA,42,2020-05-01,3,143,23
MILA,43,2020-05-01,4,16,1
AIN DEFLA,44,2020-05-01,14,197,5
NAAMA,45,2020-05-01,0,3,0
AIN-TEMOUCHENT,46,2020-05-01,0,43,4
GHARDAIA,47,2020-05-01,1,60,4
RELIZANE,48,2020-05-01,0,31,3
ADRAR,1,2020-05-02,0,40,2
CHLEF,2,2020-05-02,0,49,1
LAGHOUAT,3,2020-05-02,3,30,0
OUM EL BOUAGHI,4,2020-05-02,0,75,5
BATNA,5,2020-05-02,0,35,4
BEJAIA,6,2020-05-02,3,134,14
BISKRA,7,2020-05-02,2,60,6
BECHAR,8,2020-05-02,0,42,0
BLIDA,9,2020-05-02,10,820,107
BOUIRA,10,2020-05-02,1,28,3
TAMENGHASSET,11,2020-05-02,0,3,0
TEBESSA,12,2020-05-02,0,33,3
TLEMCEN,13,2020-05-02,0,99,6
TIARET,14,2020-05-02,0,81,5
TIZI OUZOU,15,2020-05-02,0,105,15
ALGER,16,2020-05-02,16,533,109
DJELFA,17,2020-05-02,4,63,5
JIJEL,18,2020-05-02,0,46,5
SETIF,19,2020-05-02,2,211,16
SAIDA,20,2020-05-02,0,5,0
SKIKDA,21,2020-05-02,3,51,4
SIDI BEL ABBES,22,2020-05-02,0,50,6
ANNABA,23,2020-05-02,0,67,4
GUELMA,24,2020-05-02,1,24,1
CONSTANTINE,25,2020-05-02,4,185,10
MEDEA,26,2020-05-02,7,79,10
MOSTAGANEM,27,2020-05-02,0,60,3
M'SILA,28,2020-05-02,0,22,7
MASCARA,29,2020-05-02,2,51,4
OUARGLA,30,2020-05-02,0,67,7
ORAN,31,2020-05-02,8,254,13
EL BAYADH,32,2020-05-02,0,3,0
ILLIZI,33,2020-05-02,0,2,0
BORDJ BOU ARRERIDJ,34,2020-05-02,41,150,22
BOUMERDES,35,2020-05-02,1,51,8
EL-TARF,36,2020-05-02,0,16,0
TINDOUF,37,2020-05-02,3,9,0
TISSEMSILT,38,2020-05-02,0,46,2
EL OUED,39,2020-05-02,1,40,8
KHENCHELA,40,2020-05-02,0,39,2
SOUK-AHRAS,41,2020-05-02,0,15,1
TIPAZA,42,2020-05-02,18,161,24
MILA,43,2020-05-02,0,16,1
AIN DEFLA,44,2020-05-02,8,205,5
NAAMA,45,2020-05-02,0,3,0
AIN-TEMOUCHENT,46,2020-05-02,1,44,4
GHARDAIA,47,2020-05-02,0,60,4
RELIZANE,48,2020-05-02,2,33,3
ADRAR,1,2020-05-03,6,46,2
CHLEF,2,2020-05-03,0,49,1
LAGHOUAT,3,2020-05-03,4,34,0
OUM EL BOUAGHI,4,2020-05-03,0,75,5
BATNA,5,2020-05-03,14,49,4
BEJAIA,6,2020-05-03,1,135,14
BISKRA,7,2020-05-03,5,65,6
BECHAR,8,2020-05-03,0,42,0
BLIDA,9,2020-05-03,19,839,108
BOUIRA,10,2020-05-03,0,28,3
TAMENGHASSET,11,2020-05-03,0,3,0
TEBESSA,12,2020-05-03,0,33,3
TLEMCEN,13,2020-05-03,18,117,6
TIARET,14,2020-05-03,3,84,5
TIZI OUZOU,15,2020-05-03,1,106,15
ALGER,16,2020-05-03,3,536,110
DJELFA,17,2020-05-03,7,70,5
JIJEL,18,2020-05-03,0,46,5
SETIF,19,2020-05-03,5,216,17
SAIDA,20,2020-05-03,0,5,0
SKIKDA,21,2020-05-03,0,51,4
SIDI BEL ABBES,22,2020-05-03,1,51,6
ANNABA,23,2020-05-03,14,81,4
GUELMA,24,2020-05-03,0,24,1
CONSTANTINE,25,2020-05-03,0,185,10
MEDEA,26,2020-05-03,9,88,10
MOSTAGANEM,27,2020-05-03,0,60,3
M'SILA,28,2020-05-03,4,26,7
MASCARA,29,2020-05-03,1,52,4
OUARGLA,30,2020-05-03,21,88,8
ORAN,31,2020-05-03,4,258,13
EL BAYADH,32,2020-05-03,0,3,0
ILLIZI,33,2020-05-03,0,2,0
BORDJ BOU ARRERIDJ,34,2020-05-03,0,150,22
BOUMERDES,35,2020-05-03,0,51,8
EL-TARF,36,2020-05-03,0,16,0
TINDOUF,37,2020-05-03,0,9,0
TISSEMSILT,38,2020-05-03,1,47,2
EL OUED,39,2020-05-03,0,40,8
KHENCHELA,40,2020-05-03,7,46,2
SOUK-AHRAS,41,2020-05-03,0,15,1
TIPAZA,42,2020-05-03,8,169,24
MILA,43,2020-05-03,0,16,1
AIN DEFLA,44,2020-05-03,9,214,5
NAAMA,45,2020-05-03,5,8,0
AIN-TEMOUCHENT,46,2020-05-03,1,45,4
GHARDAIA,47,2020-05-03,8,68,4
RELIZANE,48,2020-05-03,0,33,3
